timestamp,title,source,text,tags,label
2026-09-07T15:43:00,"Foreign investors show early signs of tactical re-entry into Indonesian equities, with analysts highlighting big banks and select sectors.",https://investasi.kontan.co.id/news/asing-mulai-re-entry-ke-pasar-saham-intip-rekomendasi-saham-yang-menarik-dicermati,"Foreign investors show early signs of tactical re-entry into Indonesian equities, with analysts highlighting big banks and select sectors. Foreign investors are showing early signs of tactical re-entry into Indonesian stocks, with net buying concentrated in large-cap banks during the week of August 31 to September 4, 2026. In that period, foreign net purchases reached Rp1.85–2.3 trillion, led by PT Bank Rakyat Indonesia Tbk, PT Bank Central Asia Tbk, PT Bank Mandiri Tbk, and PT Bank Negara Indonesia Tbk, which together recorded over Rp3.19 trillion of net foreign buying in the regular market. LQ45 outflows have declined sharply from over Rp15 trillion in June to under Rp2 trillion in August, and the number of LQ45 stocks with outflows fell to 27 from 36 in June. Analysts caution this is not yet a structural trend reversal, as year-to-date foreign outflows remain around US$3.94 billion, and sustainability depends on Federal Reserve policy, rupiah stability, and earnings growth. Potential rotation targets include commodity stocks ANTM, AMMN, and INCO, as well as consumer and industrial names TLKM, ASII, INDF, and UNTR, with advisors recommending accumulation on weakness.","Foreign Investment, Analyst Ratings, Market Sentiment, Currency & FX, Bullish",neutral
2026-09-24T05:40:00,MNC Sekuritas forecasts IHSG rise and recommends top-performing stocks on 24 Sep 2026,https://market.bisnis.com/read/20260924/7/2006644/rekomendasi-saham-dan-pergerakan-ihsg-hari-ini-kamis-24-september-2026,"MNC Sekuritas forecasts IHSG rise and recommends top-performing stocks on 24 Sep 2026 MNC Sekuritas noted that the IHSG closed up 1.56% at 6,374.91 on 23 Sep 2026 and projected the index to test support levels 6,208-6,258 before targeting a near-term strength zone of 6,387-6,418, with support at 6,267 and 6,108 and resistance at 6,440-6,535. The LQ45 gainers were PT Indika Energy Tbk (INDY) (+10.04%), PT Darma Henwa Tbk (DEWA) (+9.20%) and PT Merdeka Copper Gold Tbk (MDKA) (+8.83%), with additional advances from PT Hartadinata Abadi Tbk (HRTA) (+5.99%), PT Bumi Resources Tbk (BUMI) (+4.89%) and PT Merdeka Battery Materials Tbk (MBMA) (+3.96%). The biggest decliners were PT Charoen Pokphand Indonesia Tbk (CPIN) (-1.91%), PT Telkom Indonesia (Persero) Tbk (TLKM) (-1.21%), PT Perusahaan Gas Negara Tbk (PGAS) (-1.03%), PT Astra International Tbk (ASII) (-0.63%), PT Elang Mahkota Teknologi Tbk (EMTK) (-0.45%) and PT Indo Tambangraya Megah Tbk (ITMG) (-0.40%). The broker recommended buying on weakness PT Merdeka Gold Resources Tbk (EMAS) and PT Vktr Teknologi Mobilitas Tbk (VKTR), and buying PT Petrindo Jaya Kreasi Tbk (CUAN) and PT Indika Energy Tbk (INDY).","Analyst Ratings, Bullish",positive
2026-07-03T06:14:00,"IHSG Expected Limited Correction as Analysts Recommend BRMS, RATU and ASII for Retail Investors",https://money.kompas.com/read/2026/07/03/061410626/ihsg-hari-ini-rawan-koreksi-investor-ritel-bisa-cermati-saham-brms-ratu-hingga,"IHSG Expected Limited Correction as Analysts Recommend BRMS, RATU and ASII for Retail Investors The Jakarta Composite Index (IHSG) is projected to face a limited correction on Friday, with support at 5,722 and resistance at 5,796, while investors watch the U.S. Non‑Farm Payroll release. Mirae Asset analyst Nafan Aji Gusta recommends PT Alamtri Minerals Indonesia Tbk (ADMR) with a target of Rp 1,495‑1,595, PT Bumi Resources Minerals Tbk (BRMS) at Rp 600‑725, and PT Raharja Energi Cepu Tbk (RATU) at Rp 5,850‑6,175. BCA Sekuritas’ Achmad Yaki highlights PT Astra International Tbk (ASII) forming an inverted hammer and a positive MACD, suggesting a buy‑on‑weakness range of Rp 4,500‑4,540 after the stock slipped 0.43% to Rp 4,580. Korea Investment & Sekuritas Indonesia’s Muhammad Wafi notes PT Pakuwon Jati Tbk (PWON) showing limited downside, an accumulation pattern, RSI at 35 and MACD histogram at +1, indicating possible breakout potential.","Analyst Ratings, Market Sentiment, Domestic Investor, Bullish",neutral
2026-08-06T09:10:00,"IHSG opens higher at 6,369.99 as PT Hartadinata Abadi Tbk, PT Aneka Tambang Tbk and PT Indika Energy Tbk post notable gains",https://market.bisnis.com/read/20260806/7/1994111/ihsg-dibuka-naik-ke-6369-saham-hrta-antm-indy-melaju,"IHSG opens higher at 6,369.99 as PT Hartadinata Abadi Tbk, PT Aneka Tambang Tbk and PT Indika Energy Tbk post notable gains The Jakarta Composite Index (IHSG) opened up 0.30% to 6,369.99 on Thursday 6 August 2026. PT Hartadinata Abadi Tbk rose 4.00% to Rp2,080, PT Aneka Tambang Tbk gained 3.58% to Rp3,180, and PT Indika Energy Tbk increased 3.09% to Rp2,670, while PT Petrindo Jaya Kreasi Tbk, PT Vale Indonesia Tbk and PT Alamtri Minerals Indonesia Tbk also posted gains. PT Telkom Indonesia (Persero) Tbk fell 1.85% to Rp2,660, PT Medco Energi Internasional Tbk down 1.52% to Rp1,295, PT Japfa Comfeed Indonesia Tbk down 1.35% to Rp2,200, PT Unilever Indonesia Tbk down 1.08% to Rp1,825, PT Indosat Tbk down 0.79% to Rp1,885, and PT Alamtri Resources Indonesia Tbk down 0.78% to Rp2,530. MNC Sekuritas noted the previous close at 6,351, projected support at 6,201/6,029 and resistance at 6,377/6,454, and recommended ADRO, ASII, BKSL and EXCL.",Analyst Ratings,positive
2026-07-14T18:21:00,"PT Astra International Tbk’s car sales rise 10% YoY, analyst recommends buying the stock",https://investasi.kontan.co.id/news/penjualan-mobil-astra-international-asii-tumbuh-ini-rekomendasinya,"PT Astra International Tbk’s car sales rise 10% YoY, analyst recommends buying the stock The article discusses the outlook for PT Astra International Tbk’s automotive segment, noting a 10% year‑on‑year increase in car sales to 222,371 units in the first half of 2026. This growth kept Astra’s domestic market share above 50% while national car sales grew 16% to 436,567 units, and the analyst highlighted spill‑over benefits to its financing, insurance, components and after‑sales businesses. However, the analyst warned that slower growth relative to the market, competition from electric and hybrid manufacturers, high interest rates, and weaker contributions from United Tractors’ heavy‑equipment and mining operations could moderate profit expansion. The recommendation is a buy (or buy on weakness) with technical targets of breaking the Rp5,000 resistance and moving toward Rp5,400‑Rp5,600, and ultimately Rp6,000‑Rp6,100 per share.","Analyst Ratings, Financial Metrics, Interest Rate, Business Expansion, Bullish",positive
2026-05-31T11:43:51,"Foreign investors post net buy of ASII, GOTO and UNTR as IHSG slips 0.05% on May 29, 2026",https://investor.id/stock/440958/deretan-saham-favorit-asing,"Foreign investors post net buy of ASII, GOTO and UNTR as IHSG slips 0.05% on May 29, 2026 On May 29, 2026, foreign investors recorded a net purchase of ASII worth Rp 136.8 billion, GOTO Rp 95.6 billion and UNTR Rp 85.2 billion, making them the top three net‑buy stocks. Despite these inflows, foreign investors sold a net Rp 8.52 trillion across the market, with Rp 8.36 trillion in the regular market and Rp 159.5 billion in the negotiation/cash segment. The Jakarta Composite Index (IHSG) closed down 2.81 points, or 0.05%, at 6,127.3, with total transaction value reaching Rp 48.3 trillion, volume 43.03 billion shares and 2.3 million trades, while 284 stocks rose, 430 fell and 245 were unchanged.","Foreign Investment, Market Sentiment, Bullish",neutral
2026-06-29T19:05:00,"President Commissioner of PT United Tractors Tbk buys 500,000 PT Astra International Tbk shares for Rp2.32 billion",https://www.idnfinancials.com/id/news/65359/presiden-komisaris-untr-borong-saham-asii-habiskan-rp2-32-miliar,"President Commissioner of PT United Tractors Tbk buys 500,000 PT Astra International Tbk shares for Rp2.32 billion Frans Kesuma, President Commissioner of PT United Tractors Tbk and Director of PT Astra International Tbk, bought 500,000 shares of PT Astra International Tbk on 25 June at Rp4,640 per share. The purchase cost Rp2.32 billion, raising his holding in PT Astra International Tbk to 4.3 million shares, or 0,0106% of the company. The transaction occurred less than a month before PT Astra International Tbk’s planned Rp8 trillion share buyback slated for 20 July 2026, which will be voted on at the extraordinary shareholders meeting on 17 July 2026. On Monday 29 June, PT Astra International Tbk’s share price closed at Rp4,710, down 1.05% as the Jakarta Composite Index fell 1.28%, and the stock has dropped 30.74% year‑to‑date.","Ownership, Stock Buyback, Shareholders General Meeting, Bullish",positive
2026-08-03T05:06:55,Phintraco Sekuritas predicts IHSG continuation and recommends ASII among five potential gainers,https://investor.id/market/448838/ihsg-berpeluang-lanjut-menguat-5-saham-bakal-cuan,"Phintraco Sekuritas predicts IHSG continuation and recommends ASII among five potential gainers Phintraco Sekuritas forecasts that Indonesia's composite index (IHSG) will continue to rise this week, targeting a trading range of 6,180 support, 6,300 pivot and 6,400 resistance. The broker highlights five stocks it expects to generate gains, specifically naming ASII as a top pick. The outlook references recent Wall Street gains driven by Amazon, higher US‑Treasury yields (30‑year at 5.25% and 10‑year at 4.7%) and a 1.2% rise in Brent crude toward $88 per barrel, which together shape market sentiment. Phintraco also notes upcoming U.S. non‑farm payroll data (forecast 91 000 jobs) and geopolitical developments in the U.S.–Iran conflict as additional factors investors will watch.","Analyst Ratings, Market Sentiment, Global Economy, Bullish",neutral
2026-09-23T18:21:00,"PT Astra International Tbk (ASII) plans major investment in its three core businesses, a Rp8 trillion share buyback and a stake increase in PT Astra Otoparts Tbk (AUTO) via a Rp858 billion VTO, and sets a target price of Rp7,000‑Rp7,300.",https://investasi.kontan.co.id/news/asii-siapkan-investasi-besar-di-tiga-bisnis-inti-ini-prospek-sahamnya,"PT Astra International Tbk (ASII) plans major investment in its three core businesses, a Rp8 trillion share buyback and a stake increase in PT Astra Otoparts Tbk (AUTO) via a Rp858 billion VTO, and sets a target price of Rp7,000‑Rp7,300. PT Astra International Tbk (ASII) is allocating capital to its three core businesses—automotive, financial services and mining‑solutions & heavy‑equipment—which generate about 90% of group profit, and will raise its stake in PT Astra Otoparts Tbk (AUTO) through a voluntary tender offer at Rp3,600 per share costing up to Rp858 billion. The company also announced a share‑buyback of up to Rp8 trillion, reported H1‑2026 net profit of Rp12.5 trillion (‑19%) with segment growth of +9% automotive, +6% financial services and –46% mining‑equipment, and analysts set a target price of Rp7,000‑Rp7,300 per share, assuming continued automotive recovery and normalization of mining operations.","Stock Buyback, Ownership, Analyst Ratings, Capital & Funding, Bearish",positive
2026-06-06T07:59:00,PT Bank Central Asia Tbk leads declines that pull Indonesia's IHSG down 8.69%,https://market.bisnis.com/read/20260606/7/1978877/10-top-laggards-sepekan-bbca-bbri-hingga-brpt-jadi-pemberat-utama-ihsg,"PT Bank Central Asia Tbk leads declines that pull Indonesia's IHSG down 8.69% The Jakarta Stock Exchange composite index (IHSG) fell 8.69% to 5,594,765, driven by a cluster of large‑cap laggards. PT Bank Central Asia Tbk, described as a ""saham perbankan jumbo,"" slid 10.96% contributing a 58.55‑point drag; PT Bank Rakyat Indonesia Tbk, the ""emiten bank pelat merah,"" fell 7.12% adding 32.93 points; and TLKM dropped 8.91% for a 28.19‑point hit. Other contributors included BRPT (""saham milik Prajogo Pangestu,"" –25.88 points), MORA (–21.52 points), BMRI (–18.78 points), ASII (–17.16 points), BBNI (–15.87 points), DCII (""DCII milik Toto Sugiri,"" –14.62 points) and BRMS (""emiten Grup Bakrie,"" –12.76 points). The exchange’s market capitalisation shrank about Rp922 trillion, an 8.59% decline to Rp9,807 trillion, while daily transaction frequency rose 14.11% to 2.41 million trades.","Global Index, Bearish",negative
2026-06-09T09:15:00,"Telkom Indonesia Tbk leads big‑cap gains as IHSG opens higher at 5,432.97",https://market.bisnis.com/read/20260609/7/1979489/ihsg-dibuka-menguat-153-saham-big-caps-tlkm-bren-tancap-gas,"Telkom Indonesia Tbk leads big‑cap gains as IHSG opens higher at 5,432.97 The Jakarta Stock Exchange composite index (IHSG) opened at 5,432.97, up 1.53% (81.83 points) on Tuesday, driven by strong gains in several big‑cap stocks. PT Telkom Indonesia Tbk rose 9.36% to Rp2,570, PT Dian Swastatika Sentosa Tbk gained 3.36% to Rp615, and PT Barito Renewables Energy Tbk increased 2.79% to Rp3,690, while PT Astra International Tbk, PT Amman Mineral Internasional Tbk and PT Bank Negara Indonesia Tbk also rose 2.75%, 2.54% and 1.99% respectively. The rally occurred despite a net foreign sell‑off of about Rp587 billion targeting large‑cap and commodity stocks such as BBCA, BBRI, TLKM, ANTM and AMMN, and analysts project the index to test resistance between 5,400 and 5,500.","Market Sentiment, Foreign Investment, Bullish",positive
2026-06-05T23:59:59,Saratoga Investama Sedaya Tbk reports net investment profit of Rp 4.13 trillion amid mixed results for Indonesian investment holdings,https://investasi.kontan.co.id/news/menilik-kinerja-emiten-investasi-di-tengah-lesunya-pasar-saham,"Saratoga Investama Sedaya Tbk reports net investment profit of Rp 4.13 trillion amid mixed results for Indonesian investment holdings PT Elang Mahkota Teknologi Tbk (EMTK) recorded a net investment loss of Rp 1.13 trillion in Q1 2026, while PT Astra International Tbk (ASII) saw an outflow of Rp 485 billion from fair‑value adjustments and PT Telkom Indonesia Tbk (TLKM) posted an unrealized loss of Rp 309 billion as of March 2026. In contrast, PT Provident Investasi Bersama Tbk (PALM) posted a net investment gain of Rp 2.43 trillion, holding shares in PT Merdeka Battery Materials Tbk (MBMA) valued at Rp 5.84 trillion and PT Merdeka Copper Gold Tbk (MDKA) valued at Rp 4.19 trillion. PT Saratoga Investama Sedaya Tbk (SRTG) reported a net investment profit of Rp 4.13 trillion for 2025 and disclosed blue‑chip stakes in PT Tower Bersama Infrastructure Tbk (TBIG), MDKA, PT Alamtri Resources Indonesia Tbk (ADRO) and PT Adaro Andalan Indonesia Tbk (AADI), with a planned 2026 investment allocation of US$100‑150 million. Analysts from Mirae Asset Sekuritas and Korea Investment & Sekuritas Indonesia highlighted price targets of Rp 3,400 for TLKM, Rp 800 for EMTK and Rp 7,500 for ASII, noting that market volatility and currency risk remain challenges.","Financial Metrics, Analyst Ratings, Currency & FX, Capital & Funding, Bearish",neutral
2026-06-04T23:59:59,Rupiah Weakening Raises Pressure on ASII While PT Selamat Sempurna Tbk Gains from Export‑Dollar Exposure,https://investasi.kontan.co.id/news/emiten-otomotif-bakal-tertekan-di-tengah-pelemahan-rupiah,"Rupiah Weakening Raises Pressure on ASII While PT Selamat Sempurna Tbk Gains from Export‑Dollar Exposure The rupiah slipped to Rp 18,049 per US$ on 4 June 2026, a 0.46% daily decline and a 7.91% depreciation since the start of 2026, heightening cost concerns for automotive issuers dependent on imported components. ASII, described as a diversified automotive group, is judged resilient with analysts keeping a long‑term buy call and a target price of Rp 7,100, while short‑term price is projected around Rp 5,500‑5,800. PT Selamat Sempurna Tbk, whose about 65% of sales are export‑priced in dollars and 60% of raw‑material costs are dollar‑denominated, benefits from natural hedging that offsets higher import costs, reporting no material negative impact on operations. Companies with higher import reliance such as IMAS and ASII are seen as more exposed to the currency weakness, though ASII’s scale and diversification moderate the risk.","Currency & FX, Import, Export, Analyst Ratings, Bullish",neutral
2026-07-03T11:39:00,"LQ45 Blue‑Chip Stocks Remain Cheap as Prices Fall, Analysts Suggest Buying Opportunities",https://investasi.kontan.co.id/news/peluang-cuan-lq45-harga-saham-blue-chip-terus-merosot-saatnya-koleksi-lagi,"LQ45 Blue‑Chip Stocks Remain Cheap as Prices Fall, Analysts Suggest Buying Opportunities The article examines whether the recent decline in LQ45 blue‑chip stock prices creates a buying opportunity. Analysts Harry Su of Samuel Sekuritas and Alrich Paskalis Tambolang of Phintraco Sekuritas note that price‑to‑book ratios for banks are well below historic averages and list current price‑to‑earnings (PER) multiples—BBCA 11.9 (historical 17), BBRI 6.9 (9.9), BMRI 6.1 (8.2), BBNI (value not disclosed), KLBF 9.6 (15.6), CPIN 7.8 (15.1) and ICBP 8.7 (13.5). Panin Sekuritas’ Elandry Pratama adds target prices of Rp9,000 for BBCA, Rp4,800 for BBRI, Rp5,800 for BMRI, Rp3,300 for TLKM and Rp5,800 for ASII while urging attention to PBV, ROE, EV/EBITDA and earnings growth. Despite the attractive valuations, the analysts caution that macro‑economic uncertainty, global rate outlook and foreign outflows keep risk premiums high, so investors should weigh fundamentals alongside price discounts.","Analyst Ratings, Market Sentiment, Financial Metrics, Global Economy, Bullish",neutral
2026-08-19T15:09:28,"OCBC Sekuritas recommends seven undervalued MSCI‑index stocks, including BBCA, with profit potentials up to 61%",https://investor.id/market/450883/tujuh-saham-msci-murah-potensi-cuan-maksimal-61-bbca-termasuk,"OCBC Sekuritas recommends seven undervalued MSCI‑index stocks, including BBCA, with profit potentials up to 61% OCBC Sekuritas issued a broker report recommending seven Indonesian MSCI‑index blue‑chip stocks as undervalued opportunities. The report lists PT Bank Central Asia Tbk (BBCA), PT Bank Mandiri Tbk (BMRI), PT Bank Negara Indonesia Tbk (BBNI), PT Astra International Tbk (ASII), PT Indofood CBP Sukses Makmur Tbk (ICBP), PT Sumber Alfaria Trijaya Tbk (AMRT) and PT Mitra Adiperkasa Tbk (MAPI) as buy picks. Target prices are set at Rp8,500 for BBCA, Rp5,500 for BMRI, Rp4,800 for BBNI, Rp7,000 for ASII, Rp10,000 for ICBP, Rp2,200 for AMRT and Rp1,800 for MAPI, implying potential returns of 34%, 32%, 34%, 47%, 30%, 61% and 20% respectively. OCBC also forecasts the IDX Composite (IHSG) to reach 7,800 by end‑2026 supported by a 10% earnings‑growth outlook for listed issuers.","Undervalued, Analyst Ratings, Global Index, Bullish",positive
2026-07-14T11:35:00,Indo Premier Sekuritas raises automotive sector recommendation to Overweight ahead of GIIAS,https://investasi.kontan.co.id/news/jelang-giias-sektor-otomotif-mulai-bangkit-indo-premier-kerek-rekomendasi-overweight,"Indo Premier Sekuritas raises automotive sector recommendation to Overweight ahead of GIIAS Indo Premier Sekuritas upgraded its recommendation for the Indonesian automotive sector to Overweight ahead of the Gaikindo Indonesia International Auto Show (GIIAS). The broker pointed to a 12% month‑on‑month rise in national four‑wheel wholesale volume to about 77,600 units in June 2026, driven by strong sales of BYD, Mitsubishi, Daihatsu and Wuling, and a 4% increase for PT Astra International Tbk to 40,200 units, highlighted by a 26% jump in Daihatsu’s Gran Max model. BYD’s electric‑vehicle sales surged 284% month‑on‑month, contributing to a 32% rise in total xEV sales to 23,000 units, while PT United Tractors Tbk, a subsidiary of PT Astra International Tbk, is expected to benefit from relaxed coal‑budget regulations. Indo Premier noted that the sector’s valuation appears more attractive after a sharp correction in ASII’s share price, though it warned of regulatory risks.","Analyst Ratings, Risk & Compliance, Bullish",positive
2026-06-30T20:00:00,Foreign Net Sell of Rp 1.20 Trillion Sends Indonesia's Composite Index Down 3.05%,https://money.kompas.com/read/2026/06/30/200005226/imbas-asing-net-sell-120-triliun-ihsg-anjlok-305-persen,"Foreign Net Sell of Rp 1.20 Trillion Sends Indonesia's Composite Index Down 3.05% The Jakarta Composite Index (IHSG) closed down 3.05% (178 points) at 5,643 on June 30, 2026, after a sharp foreign net‑sell of Rp 1,205 trillion. The largest foreign outflows were in PT Bank Central Asia Tbk (Rp 766 billion), followed by PT Bank Rakyat Indonesia Tbk (Rp 229 billion) and PT Bank Mandiri Tbk (Rp 158 billion). PT Astra International Tbk and PT Adaro Andalan Indonesia Tbk also recorded foreign sales of Rp 89 billion and Rp 59 billion respectively. Overall trading on the Indonesia Stock Exchange reached a value of Rp 15,331 trillion across 22,727 billion shares, with 564 stocks declining, 136 rising and 99 unchanged, while market capitalization stood at Rp 9,919 trillion.","Foreign Investment, Bearish",negative
2026-09-23T14:28:00,"PT Astra International Tbk (ASII) reports first‑half 2026 capex of Rp 17 trillion, driven by subsidiary PT United Tractors Tbk (UNTR).",https://investor.id/market/455201/belanja-modal-astra-asii-tembus-rp-17-triliun-dipacu-ekspansi-united-tractors-untr,"PT Astra International Tbk (ASII) reports first‑half 2026 capex of Rp 17 trillion, driven by subsidiary PT United Tractors Tbk (UNTR). PT Astra International Tbk (ASII) disclosed that it has realized approximately Rp 17 trillion of capital expenditure in the first half of 2026, out of a total planned capex of Rp 35‑36 trillion for the year. The majority of the spending was incurred by its subsidiary PT United Tractors Tbk (UNTR), primarily for the acquisition of the Arafura Surya Alam gold mine and for routine purchases of heavy equipment for its mining contractor business. Astra indicated that the remaining capex budget will be allocated in a disciplined manner to support productivity and profit growth through 2027. The company said it will continue periodic evaluations to ensure the capex contributes optimally to earnings growth.","Capital & Funding, Asset Purchase, Production & Operations, Business Expansion, Bullish",neutral
2026-07-02T20:12:00,"Blue‑chip stocks are cheap, yet fundamental risks still loom",https://investasi.kontan.co.id/news/saham-bluechip-sudah-murah-tapi-risiko-fundamental-tetap-membayangi,"Blue‑chip stocks are cheap, yet fundamental risks still loom The article argues that despite low valuations, blue‑chip LQ45 stocks face lingering fundamental risks. Analysts note price‑to‑book ratios are far below historic levels and price‑earnings multiples for banks such as BBCA (PER ~11.9 vs 17), BBRI (PER ~6.9 vs 9.9) and BMRI (PER ~6.1 vs 8.2) are markedly discounted. Similar undervaluation is seen in non‑bank stocks KLBF (PER 9.6 vs 15.6), CPIN (PER 7.8 vs 15.1) and ICBP (PER 8.7 vs 13.5), while target prices are set at Rp9,000 for BBCA, Rp4,800 for BBRI, Rp5,800 for BMRI, Rp3,300 for TLKM and Rp5,800 for ASII. However, analysts warn that macro‑economic uncertainty, potential credit‑growth slowdown, NIM contraction, higher NPLs and rising provision costs could pressure earnings, keeping investors cautious.","Financial Metrics, Market Sentiment, Analyst Ratings, Bearish",neutral
2026-09-14T09:33:00,"IHSG Opens Weaker at Start of Week, Pressured by Global Sentiment",https://www.bloombergtechnoz.com/detail-news/121427/ihsg-dibuka-melemah-di-awal-pekan-tertekan-sentimen-global,"IHSG Opens Weaker at Start of Week, Pressured by Global Sentiment The IHSG opened 1.36% lower at 6,452 on Monday as rising oil prices above $100 per barrel and an 85% probability of a 25-basis-point Federal Reserve rate hike at the September 15-16 FOMC meeting pressured sentiment. Foreign investors sold a net Rp2.31 trillion in the regular market, while trading volume reached 6.53 billion shares worth Rp3.06 trillion. Technical indicators show a hammer pattern at the 6,475-6,375 support zone with the index holding above its 20-day moving average at 6,533, suggesting a potential rebound. Brokerages offered divergent outlooks: BRI Danareksa sees a constructive bias targeting resistance at 6,600-6,700 and favors UNTR, IMPC, and TINS; Phintraco expects sideways movement between 6,450-6,700 and picks ANTM, ASII, EMAS, MDKA, and ISAT; CGS International forecasts varied gains with support at 6,465-6,390 and resistance at 6,620-6,695, recommending TAPG, AALI, ISAT, TINS, AMMN, and EMAS; Panin Sekuritas anticipates further weakness due to geopolitical tensions and foreign outflows, selecting INET, BRMS, and INCO.","Market Sentiment, Commodities, Interest Rate, Foreign Investment, Bearish",neutral
2026-07-28T05:00:00,"BEI announces KOMPAS100 index rebalancing, removing BREN, HMSP and six others while adding BNBR, COIN and seven new constituents",https://investasi.kontan.co.id/news/resmi-bei-rombak-indeks-kompas100-bren-hingga-hmsp-keluar-bnbr-dan-coin-masuk,"BEI announces KOMPAS100 index rebalancing, removing BREN, HMSP and six others while adding BNBR, COIN and seven new constituents The Indonesia Stock Exchange (BEI) officially announced a rebalancing of the KOMPAS100 index for the period August 2026 to January 2027. Effective 3 August 2026, nine stocks – PT Barito Renewables Energy Tbk (BREN), PT Bank BTPN Syariah Tbk (BTPS), PT Dian Swastatika Sentosa Tbk (DSSA), PT MD Pictures Tbk (FILM), PT HM Sampoerna Tbk (HMSP), PT Indocement Tunggal Prakarsa Tbk (INTP), PT Dayamitra Telekomunikasi Tbk (MTEL), PT Industri Jamu dan Farmasi Sido Muncul Tbk (SIDO) and PT Transcoal Pacific Tbk (TCPI) – are removed from the index. They are replaced by nine new constituents – PT BFI Finance Indonesia Tbk (BFIN), PT Astrindo Nusantara Infrastruktur Tbk (BIPI), PT Bakrie & Brothers Tbk (BNBR), PT Indokripto Koin Semesta Tbk (COIN), PT Hartadinata Abadi Tbk (EMAS), PT Gudang Garam Tbk (GGRM), PT PP London Sumatra Indonesia Tbk (LSIP), PT Sanurhasta Mitra Tbk (MINA) and PT RMK Energy Tbk (RMKE). The revised composition will be used for index calculation from 3 August to 30 October 2026, reflecting the index’s mandate to include stocks with high liquidity, sound fundamentals and sufficient market capitalization. Other large‑cap issuers such as BBCA, BBRI, BMRI, TLKM, ASII, AMMN, BRIS, GOTO and TPIA remain in the index.",,neutral
2026-09-23T11:25:00,"PT Astra International Tbk (ASII) reports first‑half 2026 capex realization of Rp 17 trillion, 47.2% of annual target",https://investasi.kontan.co.id/news/astra-international-asii-baru-serap-capex-rp-17-triliun-42-dari-target-tahun-ini,"PT Astra International Tbk (ASII) reports first‑half 2026 capex realization of Rp 17 trillion, 47.2% of annual target PT Astra International Tbk (ASII) said that in the first half of 2026 it has realized about Rp 17 trillion of its planned Rp 36 trillion capex, representing roughly 47.2% of the yearly target. The bulk of the realized capex was used for the acquisition of the gold mine PT Arafura Surya Alam by PT United Tractors Tbk (UNTR). The remaining portion funded routine capital spending, mainly the purchase of heavy equipment to support United Tractors’ mining contractor operations. The company indicated that the balance of the capex budget will be allocated more selectively and disciplined to sustain future business growth, with ongoing evaluation.","Capital & Funding, Asset Purchase, Business Expansion, Financial Metrics, Bullish",neutral
2026-07-30T18:49:27,PT Astra International Tbk reports H1 2026 revenue of Rp 157.9 trillion and net profit of Rp 12.5 trillion,https://investor.id/market/448509/astra-asii-raup-pendapatan-rp-1579-t-dan-laba-rp-125-t,"PT Astra International Tbk reports H1 2026 revenue of Rp 157.9 trillion and net profit of Rp 12.5 trillion PT Astra International Tbk posted consolidated net revenue of Rp 157.9 trillion and net profit of Rp 12.5 trillion for the first half of 2026. Revenue fell 3% YoY and net profit declined 19% while adjusted net profit (excluding non‑recurring items) dropped 7% to Rp 14.9 trillion, with Rp 2.4 trillion of non‑recurring items mainly fair‑value adjustments and impairment. The lower contribution from the mining solutions and heavy‑equipment business was offset by gains in automotive and financial‑services segments, and net debt rose to Rp 6 trillion (excluding financial‑services subsidiaries) as the group completed the acquisition of PT Arafura Surya Alam and executed share‑buyback and working‑capital actions. PT Astra International Tbk approved a new share‑buyback program of up to Rp 8 trillion for the next 12 months, and United Tractors announced its own buyback of up to Rp 2 trillion for three months, adding to the combined Rp 7.4 trillion buyback completed through June 2026. The company reaffirmed its new corporate strategy focused on automotive, financial services, and mining‑solution businesses amid ongoing global uncertainty.","Financial Metrics, Stock Buyback, Mergers & Acquisitions, Capital & Funding, Bearish",negative
2026-08-19T08:22:00,"Foreign investors recorded a net sell of Rp 355 billion on Tuesday, with PT Indosat Tbk leading the list of heavily sold stocks.",https://investasi.kontan.co.id/news/asing-net-sell-rp-355-miliar-cermati-saham-yang-banyak-dijual-selasa-188,"Foreign investors recorded a net sell of Rp 355 billion on Tuesday, with PT Indosat Tbk leading the list of heavily sold stocks. The article reports that foreign investors posted a net sell of Rp 355.17 billion across the Indonesian market on Tuesday 18 August 2026. Despite this outflow, the Jakarta Composite Index (IHSG) rose 0.75% to 6,449.83 points, supported by gains in most sectoral indices. The ten stocks with the largest foreign net sell were PT Indosat Tbk (Rp 191.05 billion), PT Bank Rakyat Indonesia Tbk (Rp 170.0 billion), PT Dian Swastatika Sentosa Tbk (Rp 165.6 billion), PT Chandra Asri Pacific Tbk (Rp 153.61 billion), PT Astra International Tbk (Rp 48.02 billion), PT Telkom Indonesia Tbk (Rp 44.17 billion), PT Charoen Pokphand Indonesia Tbk (Rp 42.4 billion), PT Alamtri Minerals Indonesia Tbk (Rp 27.59 billion), PT Barito Renewables Energy Tbk (Rp 22.86 billion) and PT Timah Tbk (Rp 22.38 billion). Trading volume reached 33.66 billion shares worth Rp 14.83 trillion, while foreign net selling accumulated to Rp 2.77 trillion over the week, indicating continued pressure despite the index’s rise.","Foreign Investment, Market Sentiment, Bearish",neutral
2026-06-12T18:28:00,"IHSG rises 2.07% to 6,007.656 as foreign investors pour net Rp 193 billion into BBCA and sell Rp 372 billion of BBRI",https://money.kompas.com/read/2026/06/12/182848726/ihsg-ditutup-menguat-207-persen-di-akhir-pekan-asing-serok-saham-bbca-dssa,"IHSG rises 2.07% to 6,007.656 as foreign investors pour net Rp 193 billion into BBCA and sell Rp 372 billion of BBRI On Friday 12 June 2026 the Jakarta Composite Index (IHSG) closed up 2.07% at 6,007,656, gaining 121,632 points. Foreign investors recorded a net purchase of Rp 287 billion, led by PT Bank Central Asia Tbk (BBCA) with Rp 193 billion, PT Dian Swastatika Sentosa Tbk (DSSA) Rp 175 billion, PT Chandra Asri Pacific Tbk (TPIA) Rp 160 billion, PT Amman Mineral Internasional Tbk (AMMN) Rp 96 billion and PT Bumi Resources Minerals Tbk (BRMS) Rp 76 billion. At the same time foreign investors net‑sold Rp 372 billion of PT Bank Rakyat Indonesia Tbk (BBRI), Rp 168 billion of PT Bank Mandiri Tbk (BMRI), Rp 102 billion of PT Astra International Tbk (ASII), Rp 38 billion of PT Bank Negara Indonesia Tbk (BBNI) and Rp 36 billion of PT Adaro Andalan Indonesia Tbk (AADI). The session saw daily transaction value of Rp 21.68 trillion, volume of 37.47 billion shares across 2.40 million trades, with 615 stocks advancing, 108 declining and 93 unchanged, lifting the market‑wide capitalization to Rp 10,547.73 trillion.","Foreign Investment, Market Sentiment",neutral
2026-06-11T20:07:38,"Foreign investors keep net selling, with PT Bank Rakyat Indonesia Tbk recording the largest net sell and PT Bank Central Asia Tbk receiving the biggest net buy",https://investor.id/stock/442420/net-sell-asing-tak-kunjung-reda-tapi-bbca-diburu,"Foreign investors keep net selling, with PT Bank Rakyat Indonesia Tbk recording the largest net sell and PT Bank Central Asia Tbk receiving the biggest net buy Foreign investors posted a net sell of Rp 252.6 billion on the day, bringing the year‑to‑date foreign net sell to Rp 67.6 trillion. PT Bank Rakyat Indonesia Tbk logged the biggest single‑stock net sell at Rp 203.7 billion, while PT Dian Swastatika Sentosa Tbk and PT Astra International Tbk also saw net sells of Rp 166.9 billion and Rp 145 billion respectively. PT Bank Central Asia Tbk attracted the largest net buy with Rp 387.9 billion, followed by PT Chandra Asri Pacific Tbk with a net buy of Rp 97.1 billion. The Jakarta Composite Index (IHSG) closed down 16.3 points (0.28%) at 5,886, with total market turnover of Rp 22 trillion and mixed sector performance.","Foreign Investment, Market Sentiment",neutral
2026-06-26T14:32:00,UOB Kay Hian sees crisis‑level IHSG valuation as buying opportunity and recommends selective accumulation of Indonesian stocks,https://investasi.kontan.co.id/news/ihsg-anjlok-ke-valuasi-krisis-ini-saham-yang-direkomendasikan-bisa-diakumulasi,"UOB Kay Hian sees crisis‑level IHSG valuation as buying opportunity and recommends selective accumulation of Indonesian stocks UOB Kay Hian notes that the Jakarta Composite Index (IHSG) fell 2.73% to 5,835.11, putting market valuation at crisis‑level multiples (about 10× 2026 PE and 8.6× 2027 PE). The broker projects the IHSG to reach 7,500 by end‑2026 based on a 12× forward PE and EPS growth above 8%, and sees the low valuations as a risk‑reward opportunity. It recommends selective accumulation in banking, commodities and defensive stocks, naming ASII (target Rp 7,100), BBCA (target Rp 8,150), CMRY (target Rp 6,400), JPFA (target Rp 3,330), AMMN (target Rp 7,000), BRMS (target Rp 1,330), MDKA (target Rp 3,900), DEWA (target Rp 1,375), TLKM (target Rp 3,600) and also a HOLD on BMRI (target Rp 5,150) and a BUY on BULL (target Rp 750). The recommended banks are trading near historic price‑to‑book lows with dividend yields of 6‑10%, while the broader MSCI Emerging Markets weight for Indonesia has slipped to about 0.5% and its constituent count to 11.","Analyst Ratings, Market Sentiment, Bullish",positive
2026-09-23T17:06:00,PT Astra International Tbk (ASII) outlines 2027 focus on three core businesses and plans to increase its stake in PT Astra Otoparts Tbk (AUTO),https://investasi.kontan.co.id/news/astra-international-asii-fokus-3-bisnis-inti-pada-2027-ini-strategi-investasinya,"PT Astra International Tbk (ASII) outlines 2027 focus on three core businesses and plans to increase its stake in PT Astra Otoparts Tbk (AUTO) PT Astra International Tbk (ASII) is preparing its 2027 business strategy, focusing on automotive, financial services, and mining & heavy‑equipment solutions. The three segments contribute about 90 % of the company’s profit and will be prioritized for capital spending and investments. As part of the plan, PT Astra International Tbk (ASII) intends to raise its ownership in PT Astra Otoparts Tbk (AUTO) through a voluntary tender offer at Rp 3,600 per share, which could require roughly Rp 858 billion if the target shares are acquired. The company says any investments outside the three core businesses will be limited and will only be pursued if they meet its investment criteria.","Business Expansion, Ownership, Capital & Funding, Mergers & Acquisitions, Bullish",neutral
2026-09-10T12:35:00,PT Astra International Tbk announces voluntary tender offer for PT Astra Otoparts Tbk shares,https://emitennews.com/news/astra-asii-beber-alasan-vto-saham-auto-free-float-aman,"PT Astra International Tbk announces voluntary tender offer for PT Astra Otoparts Tbk shares PT Astra International Tbk said it will launch a voluntary tender offer to increase its stake in PT Astra Otoparts Tbk from 80% to up to 84.95%, offering Rp3,600 per share for an additional 4.95% of PT Astra Otoparts Tbk’s shares. If fully subscribed, the transaction would deploy about Rp858 billion of capital while maintaining a minimum 15% free‑float in PT Astra Otoparts Tbk.","Mergers & Acquisitions, Ownership, Capital & Funding, Bullish",neutral
2026-08-04T05:39:00,"LQ45 constituents post solid first‑half 2026 earnings, with top blue‑chip picks highlighted for semester II",https://investasi.kontan.co.id/news/laba-emiten-lq45-lampaui-ekspektasi-cek-saham-blue-chip-pilihan-semester-ii-2026,"LQ45 constituents post solid first‑half 2026 earnings, with top blue‑chip picks highlighted for semester II The article reports that the majority of LQ45 index constituents delivered first‑half 2026 net‑profit results that beat market expectations. PT Petrindo Jaya Kreasi Tbk posted the highest YoY profit growth at 919.58% to US$19.78 million, followed by PT Indika Energy Tbk (354%) and PT Vale Indonesia Tbk (313.4%); PT Charoen Pokphand Indonesia Tbk, PT Unilever Indonesia Tbk, PT Mitra Adiperkasa Tbk, PT GoTo Gojek Tokopedia Tbk, PT Indosat Tbk and PT Bank Mandiri Tbk also recorded strong gains ranging from 24.4% to 95.1% YoY, while PT Trimegah Bangun Persada Tbk and PT Hartadinata Abadi Tbk contributed to the mining sector rebound. Six constituents – PT Astra International Tbk, PT United Tractors Tbk, PT Indofood CBP Sukses Makmur Tbk, PT Indofood Sukses Makmur Tbk, PT Barito Pacific Tbk and PT Kalbe Farma Tbk – posted declines in net profit. Analyst Elandry Pratama of Panin Sekuritas highlighted the solid performance of consumer, technology, telecom and banking stocks and projected that BMRI, ISAT, CPIN, INCO and GOTO remain attractive for the second semester, supported by domestic consumption recovery, post‑merger synergies and potential foreign inflows. The outlook also notes that a possible interest‑rate cut in the second half of 2026 could further boost the broader LQ45 sector.","Financial Metrics, Analyst Ratings, Interest Rate, Market Sentiment, Bullish",positive
2026-06-17T08:35:00,Astra International completes Rp810.7 billion share buyback and plans up to Rp8 trillion repurchase,https://emitennews.com/news/baru-tuntas-asii-lanjut-buyback-rp8-triliun,"Astra International completes Rp810.7 billion share buyback and plans up to Rp8 trillion repurchase Astra International (ASII) completed a share buyback of Rp810.7 billion, absorbing 153.42 million shares at an average price of Rp5,283 per share. This amount represents about 40.5 % of the allocated Rp2 trillion budget for the current buyback period running from 16 March 2026 to 15 June 2026. The company announced it will seek shareholder approval at an extraordinary general meeting on 17 July 2026 to conduct a further buyback of up to Rp8 trillion within the following 12 months, using internal funds and adhering to limits of 20 % of paid‑up capital and a minimum 15 % free‑float. The additional repurchase is scheduled to start on 20 July 2026 and run through 16 July 2027, and Astra expects it will not materially affect its operational performance or cash flow.","Stock Buyback, Shareholders General Meeting, Capital & Funding, Bullish",positive
2026-06-02T13:33:14,"Foreign investors net sell Rp 121.65 bn of PT Astra International Tbk shares, pushing price down 2.8%",https://investor.id/stock/441149/saham-asii-jadi-bulanbulanan,"Foreign investors net sell Rp 121.65 bn of PT Astra International Tbk shares, pushing price down 2.8% Foreign investors recorded a net sell of about Rp 121.65 billion in PT Astra International Tbk (ASII) shares on the morning session of June 2, 2026, selling 24.81 million shares. The sell pressure coincided with the stock falling 2.8% to Rp 4,860, extending a 18.6% decline over the past month and a 27.4% drop year‑to‑date. Overall market activity showed 64.9 million Astra shares traded at a total value of Rp 318.3 billion across 19.3 k transactions. CGS International Sekuritas Indonesia projected a near‑term target range of Rp 5,200‑5,400 with support around Rp 4,600‑4,800.","Foreign Investment, Analyst Ratings, Market Sentiment, Bearish",negative
2026-07-28T14:53:30,"Indo Premier Sekuritas keeps buy recommendation on PT Astra International Tbk, targeting Rp5,800 as new catalysts emerge",https://investor.id/market/448155/saham-astra-panen-katalis-positif,"Indo Premier Sekuritas keeps buy recommendation on PT Astra International Tbk, targeting Rp5,800 as new catalysts emerge The article reports that PT Astra International Tbk (ASII) is expected to benefit from new positive catalysts ahead of its first‑half 2026 earnings release. Analysts highlight an improving automotive segment, a stronger contribution from PT United Tractors Tbk, and a planned share‑buyback program as sources of optimism. Indo Premier Sekuritas maintains a buy rating on ASII with a target price of Rp5,800. With the stock closing at Rp4,910 on 27 July 2026, the implied upside is about 18.13 %.","Analyst Ratings, Stock Buyback, Bullish",positive
2026-09-11T08:15:00,"ASII's automotive segment grows 9% to Rp5.9 trillion in 1H26, driven by Toyota and Daihatsu sales",https://emitennews.com/news/segmen-otomotif-astra-asii-melesat-1h26-daihatsu-toyota-ngebut,"ASII's automotive segment grows 9% to Rp5.9 trillion in 1H26, driven by Toyota and Daihatsu sales ASII's automotive segment grew 9% to Rp5.9 trillion in the first half of 2026, driven by new car sales and a 23% rise in net profit from its component division to Rp921 billion. Car sales rose 11.9% to 261,440 units, with Toyota and Daihatsu leading the market and contributing to a 51% market share for Astra. Motorcycle sales increased 1% to 3.1 million units, with Honda capturing 77% of the market, while commercial vehicle sales from Isuzu and UD Trucks added 16,906 and 528 units respectively, and the Low Cost Green Car segment dominated the period.","Business Expansion, Financial Metrics, Production & Operations, Bullish",positive
2026-05-31T23:59:59,PT Astra International Tbk shifts strategy to prioritize TSR and announces up to Rp8 trillion buyback,https://investasi.kontan.co.id/news/astra-asii-fokus-dongkrak-return-investor-siapkan-dana-buyback-rp-8-triliun,"PT Astra International Tbk shifts strategy to prioritize TSR and announces up to Rp8 trillion buyback PT Astra International Tbk said it is refocusing its strategy on value creation and a target total shareholder return (TSR) in the low‑teens, well above its historical average of about 6% per year for 2015‑2025. The group plans to fund the shift with a stable 5‑6% dividend yield, a 45‑50% payout ratio and a buyback program backed by roughly Rp8 trillion of cash earmarked for the next 12 months. Its three core businesses—automotive, financial services and heavy‑equipment/mining solutions—account for about 90% of 2025 net profit, with the automotive segment aiming to maintain roughly 50% market share in four‑wheel vehicles while expanding its two‑wheel and used‑car offerings. CGS International Sekuritas Indonesia analyst Handy Noverdanius reaffirmed an “add” rating on ASII with a target price of Rp6,850, citing the strategic shift and potential catalysts such as stronger consumer purchasing power and new automotive incentives.","Analyst Ratings, Stock Buyback, Business Expansion, Financial Metrics, Bullish",positive
2026-09-23T13:33:00,"PT Astra International Tbk (ASII) reports Rp17 trillion capex in H1 2026, targeting Rp36 trillion total for the year.",https://emitennews.com/news/astra-asii-baru-serap-rp17t-capex-siapkan-total-rp36t-di-2026,"PT Astra International Tbk (ASII) reports Rp17 trillion capex in H1 2026, targeting Rp36 trillion total for the year. PT Astra International Tbk (ASII) has realized Rp17 trillion of capital expenditure in the first half of 2026, which is almost half of its planned Rp36 trillion capex for the year. The bulk of the spending was driven by its mining business, primarily through its subsidiary PT United Tractors Tbk (UNTR), covering gold and other mineral operations. The remainder of the capex consists of routine investments such as heavy‑equipment purchases for mining contractors. Astra expects to allocate the remaining roughly Rp19 trillion in the second half of 2026 in a more disciplined manner to support future growth.","Capital & Funding, Business Expansion, Production & Operations, Asset Purchase, Bullish",neutral
2026-07-20T11:43:00,PT Astra International Tbk approves Rp8 trillion share buyback and 100 million‑share Management Share Ownership Program at July 17 extraordinary shareholders meeting,https://investasi.kontan.co.id/news/asii-siap-buyback-saham-rp8-triliun-intip-profil-emiten-hingga-kinerja-terbarunya,"PT Astra International Tbk approves Rp8 trillion share buyback and 100 million‑share Management Share Ownership Program at July 17 extraordinary shareholders meeting PT Astra International Tbk (ASII) received shareholder approval at its extraordinary general meeting on 17 July 2026 to repurchase up to Rp8 trillion of its shares. The same resolution authorizes the transfer of up to 100 million treasury shares, acquired from prior buybacks, into a Management Share Ownership Program for executives. Following the announcement, ASII’s share price rose to Rp5,200, a gain of 7.22% (approximately +350 points) for the week. ASII, one of Indonesia’s largest listed companies with diversified operations across automotive, financial services, heavy equipment, mining, agribusiness, infrastructure, property and technology, aims to boost long‑term total shareholder return and optimise its capital structure through the buyback.","Stock Buyback, Shareholders General Meeting, Capital & Funding, Bullish",positive
2026-06-26T16:30:11,Prijono Sugiarto Buys Shares of Astra International,https://www.idx.co.id/StaticData/NewsAndAnnouncement/ANNOUNCEMENTSTOCK/From_KSEI/LK-26062026-2757-00.pdf-0.pdf,"Prijono Sugiarto Buys Shares of Astra International Insider Prijono Sugiarto purchased a total of 305,000 Astra International shares for IDR 1,462,660,000 at an average price of approximately IDR 4,797 per share, raising his holding from 5,176,300 to 5,481,300 shares and keeping his ownership at 0.013% of the company. The buy, recorded as an investment, follows a recent wave of insider accumulation, including an 800,000‑share purchase by Djap Tet Fa on June 23 at IDR 4,800, suggesting continued buying interest at lower price levels compared with earlier March transactions that were executed near IDR 6,500.",Insider Trading,positive
2026-08-31T09:30:00,PT Astra International Tbk announces voluntary tender offer to purchase up to 4.95% of PT Astra Otoparts Tbk shares at a 6% premium,https://www.idnfinancials.com/id/news/68108/astra-siap-beli-saham-auto-lebih-mahal-6-dari-harga-pasar,"PT Astra International Tbk announces voluntary tender offer to purchase up to 4.95% of PT Astra Otoparts Tbk shares at a 6% premium PT Astra International Tbk disclosed a voluntary tender offer to acquire shares of its subsidiary PT Astra Otoparts Tbk. The offer covers up to 238.44 million shares, about 4.947% of AUTO’s paid‑up capital, at Rp3,600 per share, roughly 6% above the prior week’s closing price of Rp3,400. PT Astra International Tbk will fund the transaction with internal cash of approximately Rp858.39 billion. Analysts note AUTO’s price‑to‑earnings multiple of 7.59× is below the automotive components industry average of 8.99× and the consumer‑cyclical average of 9.53×, supporting the valuation rationale behind the tender.","Mergers & Acquisitions, Subsidiaries, Ownership, Capital & Funding, Bullish",positive
2026-09-02T07:00:00,"IHSG likely to continue rising; PT Bank Mandiri Tbk, ASII (Astra International) and CUAN (Petrindo Jaya Kreasi) flagged as buy candidates",https://investasi.kontan.co.id/news/ihsg-berpeluang-lanjut-menguat-29-investor-bisa-cermati-saham-bmri-asii-dan-cuan,"IHSG likely to continue rising; PT Bank Mandiri Tbk, ASII (Astra International) and CUAN (Petrindo Jaya Kreasi) flagged as buy candidates BRI Danareksa Sekuritas projects that the Indonesia Composite Index (IHSG) may keep its upward momentum after closing 1.14% higher at 6,599.94 on 1 September 2026, supported by foreign net buying of Rp 1.76 trillion and strong performance of PT Bank Rakyat Indonesia Tbk, PT Bank Central Asia Tbk and PT Bank Mandiri Tbk. The broker recommends buying PT Bank Mandiri Tbk with a target range of 4,375–4,570 and a stop‑loss below 4,190, ASII (Astra International) with a target of 4,980–5,050 and a stop‑loss below 4,800, and CUAN (Petrindo Jaya Kreasi) with a target of 940–985 and a stop‑loss below 850. Technical analysis shows IHSG holding above its 20‑day moving average at 6,416 and facing resistance at 6,650, with a potential advance to 6,665–6,732 if the breakout holds. External risks include the US‑Iran conflict and expectations of a more hawkish Fed, which could affect the rupiah, currently at Rp 17,744 per USD.","Analyst Ratings, Foreign Investment, Currency & FX, Market Sentiment, Bullish",positive
2026-07-05T08:06:00,"Weekly Top 10 IHSG Supporting Stocks: AMMN, DCII and BREN Lead",https://market.bisnis.com/read/20260705/7/1985593/10-saham-penopang-ihsg-sepekan-ammn-dcii-hingga-bren-pimpin-top-leaders,"Weekly Top 10 IHSG Supporting Stocks: AMMN, DCII and BREN Lead The article lists the ten stocks that most contributed to the Indonesia Composite Index (IHSG) during the week of 29 June – 3 July 2026. AMMN rose 4.79% and added 9.60 points, DCII gained 4.27% contributing 7.96 points, ANTM up 8.12% adding 4.31 points, IMPC up 10.22% adding 4.22 points, UNTR up 6.19% adding 3.98 points, MPRO up 12.5% adding 3.32 points, ISAT and CUAN up 13.43% and 7.96% adding 2.86 and 2.45 points respectively, BREN up 1.49% adding 2.43 points, and ASII up 1.05% adding 2.26 points. Despite these gains, the IHSG fell 0.35% to 5,875,780 as market capitalization slipped 0.14% to Rp 10,287 trillion and average daily turnover dropped 35.90% to Rp 11.27 trillion. Foreign investors recorded a net purchase of Rp 6.08 billion for the week, though cumulative net sales since the start of the year total Rp 74.42 trillion.",Foreign Investment,neutral
2026-07-31T09:10:00,PT Astra International Tbk reports 19% drop in first‑half 2026 net profit as mining and heavy‑equipment business pressures earnings,https://www.idnfinancials.com/id/news/66840/laba-astra-turun-19-tertekan-bisnis-tambang-dan-alat-berat,"PT Astra International Tbk reports 19% drop in first‑half 2026 net profit as mining and heavy‑equipment business pressures earnings PT Astra International Tbk, a multi‑sector holding owned by Jardine Cycle & Carriage Limited, said its consolidated net profit fell 19% year‑on‑year to Rp12.53 trillion in the first half of 2026. The decline was driven by a 46% drop in the mining‑solution and heavy‑equipment segment, which posted Rp2.7 trillion profit amid weak sales at the Martabe gold mine and reduced national coal quotas. By contrast, the automotive and financial‑services segments grew, delivering Rp5.91 trillion (up 9%) and Rp4.64 trillion (up 6%) respectively, while other segments contributed Rp1.6 trillion and the company recorded a Rp2.35 trillion investment impairment. Astra reaffirmed its new corporate strategy launched in Q2, focusing on the three core businesses, disciplined capital allocation, dividend, share buyback and leadership transformation.","Financial Metrics, Stock Buyback, Capital & Funding, Bearish",negative
2026-08-24T04:00:00,List of Indonesian listed issuers conducting share buybacks in 2026 with fund sizes and periods,https://market.bisnis.com/read/20260824/7/1998431/daftar-emiten-buyback-saham-2026-nilai-dana-periode-dan-panduan-analisisnya,"List of Indonesian listed issuers conducting share buybacks in 2026 with fund sizes and periods The article provides a comprehensive list of Indonesian listed issuers that have launched share‑buyback programmes in 2026, outlining each programme’s maximum funding amount and execution period. The largest programmes are PT Astra International Tbk (max Rp8 trillion, 20 Jul 2026‑16 Jul 2027), PT Adaro Energy Indonesia Tbk and PT Adaro Andalan Indonesia Tbk (each Rp5 trillion, 17 Apr 2026‑18 Apr 2027), PT Telkom Indonesia (Persero) Tbk (Rp4 trillion), and PT GoTo Gojek Tokopedia Tbk (Rp3.5 trillion), together totalling Rp25.5 trillion. Additional issuers with announced buybacks include PT Prodia Widyahusada Tbk (Rp150 billion, 20 Aug‑19 Nov 2026), PT Bangun Kosambi Sukses Tbk (Rp250 billion, from 20 Aug 2026), PT Petrindo Jaya Kreasi Tbk, PT Barito Pacific Tbk, PT Chandra Asri Pacific Tbk, PT Barito Renewables Energy Tbk, PT Chandra Daya Investasi Tbk, PT Impack Pratama Industri Tbk, PT Bank Nationalnobu Tbk, GEMA, KLBF, PT TBS Energi Utama Tbk, BMRI, BEEF, PSSI, INTP, MAHA, JTPE, ERAA, BBRI, UVCR, MBMA, and CHEK, each with maximum funds ranging from Rp50 billion to Rp5 trillion. The article also explains the regulatory framework under POJK No. 29/2023, the distinction between maximum and realized buyback amounts, and the potential impact on earnings per share and share liquidity.","Stock Buyback, Capital & Funding, Politics & Regulation, Bullish",positive
2026-07-02T18:39:00,"Technical stock recommendations for Friday, 3 July: PT Astra International Tbk, PT Pakuwon Jati Tbk, and PT United Tractors Tbk",https://investasi.kontan.co.id/news/simak-rekomendasi-saham-teknikal-untuk-jumat-37-asii-pwon-untr,"Technical stock recommendations for Friday, 3 July: PT Astra International Tbk, PT Pakuwon Jati Tbk, and PT United Tractors Tbk The article provides technical trading recommendations for Friday, 3 July for three Indonesian equities. It notes the Jakarta Composite Index (IHSG) closed up 0.87% at 5,744.55 with 20.30 billion shares traded, setting a bullish backdrop. PT Astra International Tbk closed at Rp 4,580, a 0.43% decline, and analysts suggest a “Buy on Weakness” between support Rp 4,470 and resistance Rp 4,790. PT Pakuwon Jati Tbk traded flat at Rp 240, with an “Accumulative Buy” recommendation targeting support Rp 230 and resistance Rp 260, while PT United Tractors Tbk rose 3.52% to Rp 22,800 and is recommended for a “Buy on Break” above Rp 23,000 with target Rp 24,500 and support Rp 21,800.","Analyst Ratings, Market Sentiment, Bullish",neutral
2026-09-23T14:16:00,PT Astra International Tbk (ASII) reports capex absorption of Rp17 trillion in the first half of 2026,https://market.bisnis.com/read/20260923/192/2006521/astra-international-asii-serap-capex-rp17-triliun-semester-i2026,"PT Astra International Tbk (ASII) reports capex absorption of Rp17 trillion in the first half of 2026 PT Astra International Tbk (ASII) said it has realized about Rp17 trillion of its planned Rp36 trillion capital expenditure for 2026 by the end of the first semester. The realized capex includes the acquisition of the gold mine PT Arafura Surya Alam, which was carried out by PT United Tractors Tbk. The remaining budget is split into Rp15 trillion for maintenance capex and Rp21 trillion for strategic investments, as outlined by President Director Rudi. PT Astra International Tbk (ASII) indicated that future capex allocations will be evaluated to ensure they support business productivity and growth.","Capital & Funding, Business Expansion, Asset Purchase, Neutral",neutral
2026-07-28T06:45:07,"Phintraco Sekuritas forecasts IHSG to consolidate between 6,080‑6,250 and recommends PGAS, INKP, TLKM, MDKA, and ASII for Tuesday trading",https://investor.id/market/448090/prediksi-ihsg-konsolidasi-berlanjut-di-tengah-sentimen-bi-5-saham-siap-cuan,"Phintraco Sekuritas forecasts IHSG to consolidate between 6,080‑6,250 and recommends PGAS, INKP, TLKM, MDKA, and ASII for Tuesday trading Phintraco Sekuritas predicts the Indonesian Composite Index (IHSG) will trade in a consolidation range of 6,080 to 6,250 amid market sentiment surrounding the recent Bank Indonesia governor transition. The index closed at 6,185.7, down 0.17%, with technical signals such as a narrowing positive MACD histogram, weakening Stochastic RSI, and support at MA20 and MA50 reinforcing the forecast, while upcoming changes to LQ45, IDX30, IDX80 and Kompas 100 constituents are noted for the period 3 August‑30 October 2026. The broker recommends the stocks PGAS, INKP, TLKM, MDKA and ASII for trading on Tuesday 28 July 2026.","Analyst Ratings, Market Sentiment",neutral
2026-08-18T19:34:00,"Astra International projected to improve in H2 2026 as automotive, financial services and Martabe mine drive growth",https://investasi.kontan.co.id/news/astra-international-asii-diproyeksi-moncer-semester-ii-2026-ini-katalisnya,"Astra International projected to improve in H2 2026 as automotive, financial services and Martabe mine drive growth Analysts from Ciptadana Sekuritas Asia, BRI Danareksa Sekuritas and UBS Sekuritas Indonesia project that PT Astra International Tbk (ASII) will improve its performance in the second half of 2026. The outlook is based on a rebound in automotive revenue to Rp 66.1 trillion (up 5.9% YoY) and a 51% market share in four‑wheel vehicle sales, with Q2 net profit rising 14.2% QoQ to Rp 6.7 trillion. Strong financial‑services earnings, led by its financing arm PT Astra Sedaya Finance (net profit Rp 4.6 trillion), the restart of the Martabe gold mine, and diversification of PT United Tractors Tbk into metallurgical coal, together with an EPS growth forecast of 28.4% for FY26‑28, underpin the projection, while the company plans an Rp 8 trillion share buyback and a 45‑50% dividend payout. The three analysts each recommend a Buy rating with target prices of Rp 6,400, Rp 7,380 and Rp 6,850 per share, and the firm’s 2026 revenue and net‑profit forecasts are Rp 319.35 trillion and Rp 31.40 trillion respectively.","Financial Metrics, Analyst Ratings, Dividend Announcement, Stock Buyback, Business Expansion, Bullish",positive
2026-07-03T08:17:55,"Foreign investors net sell PT Bank Rakyat Indonesia Persero Tbk, PT Mapi, PT Astra International Tbk and PT Bumi Resources Tbk as IHSG rises 0.87% on 2 July 2026",https://investor.id/market/445097/hilang-daya-tarik-saham-ini-ditinggal-asing,"Foreign investors net sell PT Bank Rakyat Indonesia Persero Tbk, PT Mapi, PT Astra International Tbk and PT Bumi Resources Tbk as IHSG rises 0.87% on 2 July 2026 Foreign investors recorded sizable net‑sell transactions in several Indonesian equities on Thursday, indicating a loss of appeal for those stocks. PT Bank Rakyat Indonesia Persero Tbk saw a net sell of Rp 194.6 billion, PT Mapi Rp 82.6 billion, PT Astra International Tbk Rp 75.7 billion and PT Bumi Resources Tbk Rp 19.3 billion. Across the market, foreign investors posted a total net sell of Rp 237.8 billion (Rp 322.6 billion in the regular market) while net buying in the negotiation and cash segments amounted to Rp 84.8 billion. The IDX Composite (IHSG) closed up 49.4 points (0.87%) at 5,744.5, with total transaction value of Rp 11 trillion, 418 stocks advancing, 230 declining, 311 unchanged, and a trading volume of 19.2 billion shares.","Foreign Investment, Market Sentiment, Bearish",negative
2026-09-04T05:00:00,"Stock Recommendations and IHSG Movement for Friday, September 4, 2026",https://market.bisnis.com/read/20260904/7/2001273/rekomendasi-saham-dan-pergerakan-ihsg-hari-ini-jumat-4-september-2026,"Stock Recommendations and IHSG Movement for Friday, September 4, 2026 The article provides stock recommendations and analyzes IHSG movement for September 4, 2026, reporting Thursday's 1.09% gain to 6,667.89 driven by big-cap advances. Analysts from Mirae Asset Sekuritas cite domestic inflation and trade surplus as supports, but highlight external risks from US-Iran tensions and oil prices. JP Morgan Sekuritas Indonesia projects IHSG at 7,000 by year-end, down from an earlier 10,000 target, citing high interest rates, rising oil prices, and MSCI-driven equity outflows of $4-5 billion. The firm notes government spending boosting consumer sector growth and GDP exceeding expectations. Thursday's gainers included BBCA, BBRI, DCII, BYAN, BREN, BMRI, AMMN, TLKM, DSSA, and ASII.","Analyst Ratings, Market Sentiment, Inflation, Interest Rate, Neutral",neutral
2026-07-06T09:30:00,"IHSG opens higher in green zone, mirroring gains across Asian markets",https://www.bloombergtechnoz.com/detail-news/114017/ihsg-awali-hari-di-zona-hijau-searah-dengan-bursa-asia,"IHSG opens higher in green zone, mirroring gains across Asian markets The Jakarta Stock Exchange composite index (IHSG) opened in green territory on Monday, 6 July 2026, rising 41.8 points (0.71%) to 5,917 and tracking gains in other Asian markets such as the PSEi, TW Weighted Index and Hang Seng. Trading saw 3.32 billion shares exchanged for a total value of Rp1.56 trillion across 255,190 transactions, with 369 stocks advancing, 144 declining and 196 unchanged. Broker research from BRI Danareksa, Phintraco, CGS International and Panin Sekuritas highlighted technical support around 5,730–5,800 and a psychological resistance near 6,000, while noting that a stronger rupiah and lower oil prices support the rally. The firms singled out for buying were BUMI, PADI and AMMN (BRI Danareksa); ASII, DSSA, AVIA, NCKL, EMAS and ELSA (Phintraco); NCKL, EXCL, WIIM, BBTN, BBNI and BMRI (CGS International); and ENRG, BSDE and PGAS (Panin Sekuritas).",Bullish,neutral
2026-07-14T21:37:00,"Astra International's stock outlook stays positive, supported by automotive market recovery",https://investasi.kontan.co.id/news/prospek-saham-astra-asii-masih-positif-ditopang-pemulihan-otomotif,"Astra International's stock outlook stays positive, supported by automotive market recovery The article assesses the outlook for PT Astra International Tbk (ASII) through 2026, concluding the stock remains positive thanks to the ongoing recovery of Indonesia’s automotive market. Astra’s H1‑2026 vehicle sales rose 10% YoY to 222,371 units, preserving a market share above 50% despite the national market growing 16% YoY to 436,567 units. The analyst notes that while the automotive recovery and strong financing, insurance and after‑sales businesses support growth, weaker commodity prices and the performance of the heavy‑equipment subsidiary PT United Tractors Tbk pose downside risks. Technically, the stock faces resistance at Rp5,000 with upside targets of Rp5,400‑5,600 and a further goal of Rp6,000‑6,100 if volume backs a breakout.","Analyst Ratings, Market Sentiment, Financial Metrics, Bullish",positive
2026-06-22T22:40:00,"Foreign investors net sold Rp 1.11 trillion, with PT Bank Rakyat Indonesia Tbk leading the top‑10 net‑sell stocks",https://investasi.kontan.co.id/news/asing-net-sell-rp-11-triliun-cermati-saham-yang-banyak-dijual-asing-di-awal-pekan,"Foreign investors net sold Rp 1.11 trillion, with PT Bank Rakyat Indonesia Tbk leading the top‑10 net‑sell stocks On Monday (22 June 2026) the Jakarta Composite Index fell 0.98% to 6,116.69 as foreign investors recorded a net sell of Rp 1.11 trillion across the market. The ten stocks with the largest foreign outflows were PT Bank Rakyat Indonesia Tbk (Rp 261.98 billion), PT Bank Negara Indonesia Tbk (Rp 110.57 billion), PT Telkom Indonesia Tbk (Rp 106.14 billion), PT Bank Mandiri Tbk (Rp 95.48 billion), PT Barito Pacific Tbk (Rp 70.41 billion), PT Amman Mineral Internasional Tbk (Rp 66.47 billion), PT Astra International Tbk (Rp 63.34 billion), PT Adaro Andalan Indonesia Tbk (Rp 60.77 billion), PT Bank Central Asia Tbk (Rp 60.21 billion) and PT Merdeka Gold Resources Tbk (Rp 44.87 billion). The heavy selling pressure from foreigners contributed to the index’s decline despite a trading volume of 22.24 billion shares and transaction value of Rp 13.29 trillion. Only the energy sector (+1.47%) and technology (+0.18%) managed to stay in positive territory.","Foreign Investment, Market Sentiment, Bearish",negative
2026-07-28T08:29:00,"IHSG Closes Weak, See Today's Stock Recommendations",https://finance.detik.com/bursa-dan-valas/d-8593186/ihsg-ditutup-loyo-simak-rekomendasi-saham-hari-ini,"IHSG Closes Weak, See Today's Stock Recommendations The Jakarta Composite Index (IHSG) closed down 0.17% at 6,185.78 ahead of the LQ45, IDX30 and IDX80 rebalancing effective 3 August‑30 October 2026. The day's biggest index contributors were DCII, CASA and BMRI, while TLKM, BREN and ASII weighed on the market; foreign investors recorded net sells of IDR 491.89 billion in the regular market and IDR 820.67 billion across all markets. SUNI secured two new contracts worth a combined IDR 106.29 billion, bringing its contract value to about 32.78% of first‑half 2026 sales despite a 25.99% drop in sales and a 35.60% decline in profit. INET launched the NewConnext digital service and reported net revenue of IDR 383.60 billion, up sharply from IDR 12.10 billion, with outsourcing contributing 86.79% of revenue. PT Midi Utama Indonesia Tbk posted first‑half net revenue of IDR 11.25 trillion (up 8.45%) and profit of IDR 485.97 billion (up 24.44%), expanded to 2,662 stores and plans to open about 200 new outlets in 2026 with capex of IDR 1.50 trillion.","Foreign Investment, Business Expansion, Digital Transformation, Bullish",neutral
2026-06-29T11:15:47,Ir Fxl Kesuma Msc buy Shares of Astra International,https://www.idx.co.id/StaticData/NewsAndAnnouncement/ANNOUNCEMENTSTOCK/From_KSEI/LK-29062026-0840-00.pdf-0.pdf,"Ir Fxl Kesuma Msc buy Shares of Astra International On June 25, insider Ir Fxl Kesuma Msc purchased 500,000 Astra International (ASII.JK) shares at IDR 4,640 per share, costing IDR 2.320,000,000 and raising his stake from 3,800,000 to 4,300,000 shares, or from 0.009% to 0.011% of the company. The buy adds to a wave of insider purchases at Astra International in May‑June, where several executives have accumulated shares at prices near IDR 4,700‑4,800, reflecting continued insider confidence.",Insider Trading,positive
2026-06-17T07:57:00,"PT Astra International Tbk announces Rp 8 trillion share buyback, joining PT Telkom Indonesia Tbk and PT Bank Rakyat Indonesia Tbk in jumbo repurchase programs",https://investasi.kontan.co.id/news/buyback-jumbo-marak-emiten-kakap-kirim-sinyal-optimisme-di-tengah-koreksi-pasar,"PT Astra International Tbk announces Rp 8 trillion share buyback, joining PT Telkom Indonesia Tbk and PT Bank Rakyat Indonesia Tbk in jumbo repurchase programs PT Astra International Tbk plans a share buyback of about Rp 8 trillion using internal funds. PT Telkom Indonesia Tbk announced a buyback program of roughly Rp 4 trillion, while PT Bank Rakyat Indonesia Tbk set a maximum buyback size of Rp 500 billion. Analysts view the programs as a positive signal, noting that the reduction in shares outstanding could boost earnings per share and support price stability amid market volatility. Abida Massi Armand of BRI Danareksa Securities maintains a buy rating on ASII with a target price of Rp 6,850 and on TLKM with a target of Rp 3,750, while Elandry Pratama of Panin Sekuritas recommends buying BBRI, TLKM, ASII and NCKL with target prices of Rp 3,500, Rp 3,300, Rp 5,500 and Rp 1,200 respectively.","Stock Buyback, Analyst Ratings, Market Sentiment, Bullish",positive
2026-08-12T08:54:34,"IHSG falls 1.53% amid volatility, highlighting movers KLBF, STAR, ISAT and corporate updates from GULA, ITMG and LABS",https://www.cnbcindonesia.com/market/20260812082529-17-758449/ihsg-masih-volatil-deretan-saham-ini-menarik-buat-dilirik,"IHSG falls 1.53% amid volatility, highlighting movers KLBF, STAR, ISAT and corporate updates from GULA, ITMG and LABS The Jakarta Composite Index (IHSG) closed down 1.53% at 6,267.88, underscoring continued market volatility. Gains were led by KLBF (+1.91%), STAR (+24.70%) and ISAT (+2.38%) while DCII, BBCA and ASII posted declines, with 10 of 11 sectors in the red and Industrials falling 3.49%; foreign investors recorded net sells of Rp279.98 billion in the regular market and Rp687.80 billion overall. In corporate news, PT Aman Agrindo Tbk (GULA) announced a new 500‑ton‑per‑day red‑sugar plant, a planned acquisition of a 1,000‑ton‑per‑day facility valued at about Rp350 billion, and a raw‑sugar plant of 600 ton/day, while PT Indo Tambangraya Megah Tbk (ITMG) reported first‑half 2026 revenue of US$1 billion (+8.81% YoY) and net profit of US$109.51 million (+16.51% YoY). PT UBC Medical Indonesia Tbk (LABS) disclosed a buyback program of up to Rp12.60 billion for up to 60 million shares, which is expected to reduce assets to Rp210.75 billion and raise ROA to 2.01% and ROE to 2.94% by the end of the five‑month period ending 11 January 2027.","Stock Buyback, Asset Purchase, Foreign Investment, Financial Metrics, Bullish",neutral
2026-07-17T06:46:07,"IHSG projected higher as analysts recommend INCO, INDY, ISAT, OASA, ANTM, ASII, MBMA, MDKA, and PTBA",https://www.cnnindonesia.com/ekonomi/20260717060604-92-1381672/ihsg-diperkirakan-cerah-jelang-akhir-pekan,"IHSG projected higher as analysts recommend INCO, INDY, ISAT, OASA, ANTM, ASII, MBMA, MDKA, and PTBA Technical analysts forecast that the Jakarta Composite Index (IHSG) will continue to rise on Friday, citing recent strength and key support‑resistance zones. MNC Sekuritas and Binaartha Sekuritas note the index closed at 6,108, up 66.23 points (1.10%) and outline multiple support and resistance levels. They recommend the stocks INCO, INDY, ISAT, OASA, ANTM, ASII, MBMA, MDKA, and PTBA for investors. Trading activity reached Rp13.29 trillion across 30.22 billion shares, with 372 stocks advancing, 238 declining, and 185 unchanged.","Analyst Ratings, Market Sentiment, Bullish",positive
2026-06-30T17:10:16,Prijono Sugiarto Buys Shares of Astra International,https://www.idx.co.id/StaticData/NewsAndAnnouncement/ANNOUNCEMENTSTOCK/From_KSEI/LK-30062026-9475-00.pdf-0.pdf,"Prijono Sugiarto Buys Shares of Astra International Insider Prijono Sugiarto purchased 54,500 Astra International shares at IDR 4,847 per share on June 26, 2026, for a total of IDR 264,161,500, raising his holding to 5,535,800 shares (0.014% of the company) from 5,481,300 shares (0.013%). The buy, classified as an investment, follows a recent wave of insider purchases in June, including Djap Tet Fa’s 800,000‑share buy at IDR 4,800 on June 23 and Ir. Fxl Kesuma’s 500,000‑share buy at IDR 4,640 on June 29, suggesting continued accumulation by company insiders.",Insider Trading,positive
2026-08-03T21:07:00,Prospects and Recommendations for LQ45 Constituents After First‑Half 2026 Earnings,https://investasi.kontan.co.id/news/cek-prospek-rekomendasi-saham-emiten-lq45-usai-rilis-kinerja-semester-i-2026,"Prospects and Recommendations for LQ45 Constituents After First‑Half 2026 Earnings The article reviews the earnings released by LQ45 constituents for the first half of 2026 and evaluates their stock prospects. Of the 29 companies that have reported, most posted revenue and profit growth, while six showed profit declines, with banking stocks BMRI and BBCA highlighted for solid performance—BMRI posted a 24.4% YoY profit increase and BBCA maintained stable earnings and a credit portfolio exceeding Rp1 trillion. Conversely, ICBP’s profit fell 33% due to currency losses and UNTR faced operational pressure; consumer‑goods firm UNVR’s gross profit margin slipped to 44.9% in Q2 2026, and automotive group ASII reported net profit of Rp6.7 trillion, down 22.14% YoY. Analysts from Kiwoom Securities and Ajaib Securities note that despite a positive overall outlook for LQ45, selective strength and macro‑headwinds such as a 100‑basis‑point rate hike to 5.75% and a PMI contraction to 46.9 keep the outlook mixed.","Analyst Ratings, Financial Metrics, Interest Rate, Market Sentiment, Bullish",neutral
2026-07-15T04:35:00,Analyst projects continued positive performance for PT Astra International Tbk to 2026 and issues a buy‑on‑weakness recommendation,https://investasi.kontan.co.id/news/prospek-kinerja-astra-international-asii-masih-cerah-cek-rekomendasi-analis,"Analyst projects continued positive performance for PT Astra International Tbk to 2026 and issues a buy‑on‑weakness recommendation The article discusses an analyst’s outlook that PT Astra International Tbk will maintain a positive performance trajectory through the end of 2026. It cites first‑half‑2026 vehicle sales of 222,371 units, a 10 % year‑on‑year increase, while the national market grew 16 % to 436,567 units, allowing Astra to keep a market share above 50 %. The analyst notes that Astra’s integrated businesses—including financing, insurance, components, after‑sales services and its heavy‑equipment arm United Tractors—provide cross‑segment support, though higher interest rates, a weaker rupiah and competitive pressure from electric and hybrid vehicles pose risks. Technically, the stock faces resistance at Rp 5,000 and, if broken with strong volume, the target range is Rp 5,400‑5,600 with a longer‑term aim of Rp 6,000‑6,100. The analyst recommends a buy‑on‑weakness strategy for ASII shares.","Analyst Ratings, Financial Metrics, Interest Rate, Currency & FX, Market Sentiment, Bullish",positive
2026-08-14T06:56:00,"Astra International director Djap Tet Fa buys 500,000 ASII shares, incurs Rp12.5 million unrealized loss",https://investasi.kontan.co.id/news/borong-500000-saham-asii-direksi-astra-ini-rasakan-unrealized-loss-rp-125-juta,"Astra International director Djap Tet Fa buys 500,000 ASII shares, incurs Rp12.5 million unrealized loss The article reports that Astra International director Djap Tet Fa purchased 500,000 shares of PT Astra International Tbk. The purchase was made on 12 August 2026 at Rp4,825 per share, costing about Rp2.41 billion and raising his holding to 3.5 million shares (0,0086% voting rights). On 13 August 2026 the stock closed at Rp4,800, 1.23% lower than the previous close, putting the newly bought shares below the purchase price. The price gap of Rp25 per share creates an unrealized loss of roughly Rp12.5 million for Djap Tet Fa. He is listed as a director, not a controlling shareholder, and the transaction was reported to the OJK.","Ownership, OJK, Bearish",neutral
2026-08-11T05:55:00,"Technical buy recommendations issued for PT Mitra Adiperkasa Tbk, PT Astra International Tbk, and PT Barito Pacific Tbk for Tuesday trading (11 Aug)",https://investasi.kontan.co.id/news/cermati-rekomendasi-teknikal-mapi-asii-dan-brpt-untuk-perdagangan-selasa-118,"Technical buy recommendations issued for PT Mitra Adiperkasa Tbk, PT Astra International Tbk, and PT Barito Pacific Tbk for Tuesday trading (11 Aug) The article provides technical trading recommendations for PT Mitra Adiperkasa Tbk, PT Astra International Tbk, and PT Barito Pacific Tbk for Tuesday, 11 August. The Jakarta Composite Index (IHSG) closed down 44.28 points, or 0.69%, at 6,365.37, with most sector indices in the red. PT Mitra Adiperkasa Tbk is recommended as a speculative buy with support at Rp 1,570 and resistance at Rp 1,700; PT Astra International Tbk is advised as a trading buy with support at Rp 4,870 and resistance at Rp 5,675; PT Barito Pacific Tbk is suggested as a buy on weakness with support at Rp 1,780, resistance at Rp 1,950 and a target near Rp 2,020. The recommendations come from analysts at Kiwoom Sekuritas Indonesia, BCA Sekuritas, and BRI Danareksa Sekuritas.","Analyst Ratings, Bullish",neutral
2026-08-03T09:06:55,"CGS International forecasts IHSG near 6,300, recommends AMMN, BRPT, ASII, INCO, BRIS and TINS",https://investor.id/market/448854/ihsg-bersiap-menuju-6300-6-saham-potensial-cuan,"CGS International forecasts IHSG near 6,300, recommends AMMN, BRPT, ASII, INCO, BRIS and TINS CGS International Sekuritas Indonesia predicts the Indonesian Composite Index (IHSG) will continue strengthening toward the 6,300 level. It identifies a support zone of 6,185‑6,135 and a resistance zone of 6,290‑6,340 for the index. The broker recommends six stocks for trading on Monday 3 August 2026: AMMN, BRPT, ASII, INCO, BRIS and TINS. The outlook is supported by recent Wall Street gains, highlighted by Amazon’s 15.32% rise after a better‑than‑expected Q2 earnings report, and higher U.S. Treasury yields (30‑year at 5.27% and 10‑year at 4.7%).","Analyst Ratings, Bullish",neutral
2026-06-26T21:30:00,"Indonesia Composite Index Falls 1.72% to 5,896 as Foreign Investors Net Sell Rp 302 Billion",https://money.kompas.com/read/2026/06/26/213000626/ihsg-anjlok-1-72-persen-ke-level-5.896-asing-net-sell-rp-302-miliar,"Indonesia Composite Index Falls 1.72% to 5,896 as Foreign Investors Net Sell Rp 302 Billion The Jakarta Composite Index (IHSG) closed at 5,896, down 102 points or 1.72% on June 26, 2026. Foreign investors recorded a net sell of Rp 302 billion, led by PT Bank Mandiri Tbk with a net outflow of Rp 174 billion, followed by PT Merdeka Gold Resources Tbk (Rp 153 billion), PT Astra International Tbk (Rp 87 billion), PT Barito Pacific Tbk (Rp 56 billion) and PT Telkom Indonesia Tbk (Rp 55 billion). At the same time, foreign buyers accumulated shares of PT Bank Central Asia Tbk worth Rp 430 billion, PT Dian Swastatika Sentosa Tbk Rp 96 billion, PT Bank Rakyat Indonesia Tbk Rp 75 billion, PT Amman Mineral Internasional Tbk Rp 39 billion and PT Aneka Tambang Tbk Rp 32 billion. Trading volume reached 20,789 billion shares valued at Rp 12,735 trillion, with the index touching a daily high of 6,045,258 and a low of 5,830,144 before ending below the psychological 5,900 level.","Foreign Investment, Market Sentiment, Bearish",negative
2026-07-23T16:34:00,"Business-27 Index closes red, pressured by declines in ASII and TLKM stocks",https://market.bisnis.com/read/20260723/7/1990515/indeks-bisnis-27-ditutup-merah-tertekan-pelemahan-saham-asii-hingga-tlkm,"Business-27 Index closes red, pressured by declines in ASII and TLKM stocks The Business-27 index closed lower as weakness in major stocks, notably PT Astra International Tbk. (ASII) and PT Telkom Indonesia (Persero) Tbk. (TLKM), drove the decline. The index fell 4.27 points (0.97%) to 433.58, touching a high of 442.69 and a low of 432.61, with 13 stocks advancing, 12 declining and 2 unchanged. PT Astra International Tbk. (ASII) dropped 2.91% to 5,000, PT Indah Kiat Pulp & Paper Tbk. (INKP) fell 1.90% to 7,725, PT Telkom Indonesia (Persero) Tbk. (TLKM) slipped 1.85% to 2,650, and PT Alamtri Resources Indonesia Tbk. (ADRO) declined 1.55% to 2,540, while PT Bumi Resources Tbk. (BUMI) surged 8.93% to 183, PT Darma Henwa Tbk. (DEWA) rose 7.27% to 472, PT Triputra Agro Persada Tbk. (TAPG) gained 5.83% to 1,725, PT Medco Energi Internasional Tbk. (MEDC) climbed 5.30% to 1,390, and PT Charoen Pokphand Indonesia Tbk. (CPIN) increased 3.12% to 3,310. Trading volume reached about 16.53 billion shares worth Rp8,758 trillion, and market sentiment was shaped by Bank Indonesia’s decision to keep the BI Rate at 5.75% on 22 July, contrary to expectations of a rise to 6%.","Central Bank, Interest Rate, Market Sentiment, Bearish",negative
2026-08-18T17:55:00,Analysts project stronger H2 2026 performance for PT Astra International Tbk on diversified revenue base,https://investasi.kontan.co.id/news/basis-pendapatan-terdiversifikasi-begini-prospek-kinerja-astra-asii,"Analysts project stronger H2 2026 performance for PT Astra International Tbk on diversified revenue base The article assesses PT Astra International Tbk’s outlook, noting that its diversified revenue base—particularly automotive, financial services, and mining—should support stronger results in the second half of 2026. Ciptadana Sekuritas Asia reports H1 2026 revenue of IDR 157.9 trillion (‑3% YoY) and net profit of IDR 12.5 trillion (‑19.2% YoY), but Q2 2026 net profit rose 14.2% QoQ to IDR 6.7 trillion driven by a 5.9% YoY increase in automotive revenue to IDR 66.1 trillion and a 10% YoY rise in vehicle sales to 222,000 units, preserving a 51% market share. The firm forecasts full‑year 2026 revenue of IDR 319.35 trillion and net profit of IDR 31.40 trillion, with EPS growth of 28.4% projected for FY26‑28, while BRI Danareksa and UBS analysts also keep buy recommendations, setting target prices of IDR 6,400, 7,380 and 6,850 per share. Risks highlighted include a possible slowdown in automotive demand, a weaker rupiah and high interest rates, whereas a planned IDR 8 trillion share buyback, a 45‑50% dividend payout and a low‑teens total shareholder return are cited as positive catalysts. PT Astra Sedaya Finance, Astra’s financing subsidiary, is noted for a 10% YoY increase in new consumer financing to IDR 61.8 trillion, contributing to the stable earnings outlook.","Analyst Ratings, Financial Metrics, Dividend Announcement, Stock Buyback, Bullish",positive
2026-06-26T07:49:36,"United Tractors shares rise 2.27% to Rp 22,500 as MNC Sekuritas recommends Buy on Weakness with targets up to Rp 24,850",https://investor.id/market/444186/saham-pbv-di-bawah-1-diramal-ke-rp-24000an,"United Tractors shares rise 2.27% to Rp 22,500 as MNC Sekuritas recommends Buy on Weakness with targets up to Rp 24,850 United Tractors (PT United Tractors Tbk) closed up 2.27% at Rp 22,500 on Thursday 25 June 2026, with 6.63 million shares traded (7,062 transactions) and a transaction value of Rp 148.37 billion. Foreign investors were net buyers of the stock, recording a net purchase of Rp 3.4 billion. MNC Sekuritas highlighted the stock’s attractive valuation, noting a price‑to‑book ratio of 0.87 (below 1) and a price‑earnings ratio of 32.64 annualized, and issued a “Buy on Weakness” call with a price range of Rp 21,350‑22,075, target price 1 of Rp 23,850, target price 2 of Rp 24,850, and a stop‑loss below Rp 20,875. United Tractors is described as an “anak usaha PT Astra International Tbk,” indicating it is a subsidiary of Astra International, and its shares have fallen 6.44% over the past month and 25% over the past three months.","Analyst Ratings, Foreign Investment, Subsidiaries, Bullish",positive
2026-07-23T10:02:42,"IHSG breaks 6,400 as commodity, technology and banking stocks lift the index",https://www.cnbcindonesia.com/market/20260723095523-17-753168/breakout-6400-ini-penyebab-ihsg-melesat-1,"IHSG breaks 6,400 as commodity, technology and banking stocks lift the index The Indonesia Composite Index (IHSG) surged past the psychological 6,400 level on Thursday 23 July 2026, closing at 6,409.76, up 75.28 points (1.19%). The advance was driven by large contributions from PT Bank Rakyat Indonesia Tbk (+5.84 points), PT Capital Financial Indonesia Tbk (+5.48), PT Bumi Resources Minerals Tbk (+4.46), PT Bumi Resources Tbk (+4.41), PT Multipolar Technology Tbk (+3.53), PT Amman Mineral Internasional Tbk (+3.37) and PT Bank Mandiri Tbk (+3.26). Offsetting the gains, PT Bank Central Asia Tbk (-4.41 points) and the stocks of PT Astra International Tbk, PT Telkom Indonesia Tbk, PT MNC Digital Entertainment Tbk and PT Bank Negara Indonesia Tbk weighed on the index. Trading volume reached 15.65 billion shares (value Rp5.36 trillion) with 411 stocks advancing, and the move followed Bank Indonesia’s decision to keep the BI Rate at 5.25% despite a net foreign sell of Rp920.3 billion.","Commodities, Central Bank, Interest Rate, Foreign Investment",positive
2026-07-30T12:29:00,"United Tractors reports Rp58.3 trillion revenue for H1 2026, down 15% YoY",https://www.antaranews.com/berita/5672283/united-tractors-cetak-pendapatan-rp583-triliun-di-semester-i-2026,"United Tractors reports Rp58.3 trillion revenue for H1 2026, down 15% YoY United Tractors, a subsidiary of PT Astra International Tbk, posted net revenue of Rp58.3 trillion in the first half of 2026, a 15% year‑on‑year decline from Rp68.5 trillion. The decline was driven by lower gold sales from its subsidiary PT Agincourt Resources after a temporary shutdown of the Martabe gold mine and weaker performance in the heavy‑equipment and thermal‑coal mining segments due to reduced national coal allocation. Net profit excluding non‑recurring items fell 48% to Rp4.3 trillion, while non‑recurring losses totaled Rp3.3 trillion, and net debt rose to Rp9.4 trillion, giving a gearing ratio of 8.5% as of 30 June 2026. Heavy‑equipment revenue fell 28% to Rp15.0 trillion as Komatsu equipment sales slipped 27% to 1,994 units, though parts and service revenue edged up to Rp5.5 trillion. The company noted that a stronger US‑dollar exchange rate and a share‑buyback programme partially offset the revenue shortfall.","Financial Metrics, Stock Buyback, Commodities, Currency & FX, Capital & Funding, Bearish",negative
2026-06-30T16:43:10,"IHSG falls 3% to 5,643 as BBCA and BBRI drive the decline",https://www.cnbcindonesia.com/market/20260630160517-17-746913/ihsg-tutup-juni-dengan-anjlok-3-parkir-di-level-5600-an,"IHSG falls 3% to 5,643 as BBCA and BBRI drive the decline The Jakarta Composite Index (IHSG) closed at 5,643.19, down 177.6 points or 3.05% on June 30, 2026, after trading in a range of 5,638.57–5,811.67. The drop was led by BBCA, which contributed a negative weight of 35.12 points, and BBRI, which added a 17.25‑point drag, while other laggards such as MORA, ASII and EMAS also fell. Monthly, the index slipped 7.9% in June and is down 35.49% year‑to‑date, with transaction value falling 87.33% and volume down 59.06% from the May average amid a weak rupiah and concerns over MSCI downgrade and Middle‑East geopolitics.","Currency & FX, Market Sentiment, Global Economy, Bearish",negative
2026-07-31T09:24:00,Astra International's H1 2026 Net Profit Falls 19.2% to Rp 12.5 Trillion,https://investasi.kontan.co.id/news/laba-astra-asii-turun-1922-jadi-rp-125-triliun-semester-i-2026-ini-penyebabnya,"Astra International's H1 2026 Net Profit Falls 19.2% to Rp 12.5 Trillion PT Astra International Tbk (ASII), the issuer, reported that its net profit for the first half of 2026 declined 19.22% year‑on‑year to Rp 12.5 trillion. Revenue also slipped 3.03% to Rp 157.91 trillion, while basic diluted earnings per share fell from Rp 383 to Rp 313. The decline was driven by weaker contributions from the mining solutions and heavy‑equipment businesses, even as automotive and financial‑services segments posted stronger results. The company referenced its new strategy roadmap launched in May 2026, which concentrates on the three core businesses of automotive, financial services, and mining‑equipment solutions.","Financial Metrics, Bearish",negative
2026-07-30T18:30:00,PT Astra International Tbk reports net profit of Rp17.15 trillion and 1.6% asset growth in H1 2026,https://emitennews.com/news/astra-asii-catat-laba-rp1715t-aset-naik-16-persen-semester-i-2026,"PT Astra International Tbk reports net profit of Rp17.15 trillion and 1.6% asset growth in H1 2026 PT Astra International Tbk reported net profit of Rp17.15 trillion for the first half of 2026, a 13.95% decline from the prior period. Revenue fell 3.04% to Rp157.9 trillion and earnings per share dropped 18.28% to Rp313. Total assets rose 1.61% to Rp514.51 trillion while liabilities increased 3.75% to Rp224.67 trillion, and equity slipped 0.33% to Rp289.84 trillion. Cash and cash equivalents fell 14.97% to Rp45.15 trillion, and the company's shares closed at Rp4,950, down 0.12% on July 30, 2026.","Financial Metrics, Bearish",negative
2026-08-16T07:45:00,"Insider buying spree sees Astra International director, CBRE shareholder, and IMPC director among investors, with IMPC transaction topping Rp1.81 trillion",https://market.bisnis.com/read/20260816/7/1996663/bos-astra-andry-hakim-hingga-phillip-tjipto-borong-saham-transaksi-terbesar-rp181-triliun,"Insider buying spree sees Astra International director, CBRE shareholder, and IMPC director among investors, with IMPC transaction topping Rp1.81 trillion The article reports a wave of insider share purchases across several Indonesian listed issuers during the week of 6‑13 August 2026. IMPC director Phillip Tjipto bought 1.45 billion shares at Rp1,250 each, a transaction worth about Rp1.81 trillion and raising his stake from 0.29 % to 2.93 %; ASII director Djap Tet Fa acquired 500,000 shares for roughly Rp2.41 billion, lifting his holding to 0,0086 %; and CBRE shareholder Andry Hakim purchased 22.76 million shares for about Rp15.93 billion, increasing his ownership to 5.57 %. Additional purchases were made in JECX (18.05 million shares by PT Sarana Meditama Metropolitan for ~Rp23.12 billion, ownership up to 30.11 %), AKRA (4.01 million shares by PT Arthakencana Rayatama for ~Rp5.60 billion, ownership 64,627 %), HEAL (60,000 shares by director Yustinus Immanuel Herawan for ~Rp42.6 million, ownership 12 %) and GOOD (1 million shares by commissioner Hartono Atmadja for Rp400 million). The disclosed transactions indicate active accumulation by internal executives and strategic shareholders, with most filings citing investment intent.","Insider Trading, Ownership, Bullish",positive
2026-07-18T09:37:00,PT Astra International Tbk approves up to Rp8 trillion share buyback,https://investasi.kontan.co.id/news/kantogi-restu-buyback-saham-rp-8-triliun-cermati-rekomendasi-asii,"PT Astra International Tbk approves up to Rp8 trillion share buyback PT Astra International Tbk (ASII) received shareholder approval at an extraordinary general meeting on 17 July 2026 to conduct a share buyback program of up to Rp8 trillion. The buyback will be funded from internal cash, run for 12 months, and must not exceed 10 % of paid‑up capital while maintaining a free‑float of at least 15 %. In the current period III (16 Mar–15 Jun 2026) Astra repurchased 153.4 million shares for Rp810.7 billion, bringing total treasury holdings to 563.5 million shares since November 2025. Kiwoom Sekuritas Indonesia analyst Adrian Djie sees the program as financially neutral and recommends a short‑term buy with a target price of Rp5,300, while the stock closed at Rp5,100, down 23.88 % year‑to‑date.","Stock Buyback, Shareholders General Meeting, Analyst Ratings, Bullish",positive
2026-09-10T13:10:00,PT Astra International Tbk Projects Rp115 Billion Additional Profit from Voluntary Tender Offer for PT Astra Otoparts Tbk Shares,https://www.bloombergtechnoz.com/detail-news/121146/keuntungan-astra-asii-usai-pertebal-saham-auto,"PT Astra International Tbk Projects Rp115 Billion Additional Profit from Voluntary Tender Offer for PT Astra Otoparts Tbk Shares PT Astra International Tbk launched a voluntary tender offer (VTO) to acquire up to 238.44 million shares, or 4.94%, of its subsidiary PT Astra Otoparts Tbk at Rp3,600 per share, a premium to the Rp3,340 closing price on September 10, 2026. If fully subscribed, PT Astra International Tbk's ownership would rise to 84.95%, and the company projects an additional profit of approximately Rp115 billion from PT Astra Otoparts Tbk's estimated Rp2.2–2.3 trillion profit. PT Astra International Tbk has allocated Rp858 billion for the VTO and intends to maintain PT Astra Otoparts Tbk's public listing with a minimum 15% free float. PT Astra Otoparts Tbk reported first-half 2026 net profit of Rp1.15 trillion, up 22.6% year-on-year, with revenue rising 13.2% to Rp10.9 trillion, driven by both manufacturing and trading segments. The subsidiary's total assets reached Rp23.9 trillion and equity Rp17.2 trillion as of June 2026.","Mergers & Acquisitions, Ownership, Capital & Funding, Subsidiaries, Bullish",positive
2026-07-24T13:34:16,"Foreign investors net sell Rp759.46 billion in Session I, led by BMRI and BUMI",https://www.cnbcindonesia.com/market/20260724132831-17-753577/asing-net-sell-rp75946-miliar-di-sesi-i-ini-daftar-sahamnya,"Foreign investors net sell Rp759.46 billion in Session I, led by BMRI and BUMI Foreign investors recorded a net sell of Rp759.46 billion across all markets in Session I on 24 July 2026. The sell was driven by large disposals in state‑owned bank PT Bank Mandiri (Persero) Tbk. (Rp386.06 billion) and PT Bumi Resources Tbk. (Rp142.89 billion), with additional sells in PT Petrindo Jaya Kreasi Tbk., PT Chandra Asri Pacific Tbk., PT Petrosea Tbk., PT Amman Mineral Internasional Tbk., PT Darma Henwa Tbk., PT Timah Tbk., PT Energi Mega Persada Tbk., and PT Dian Swastatika Sentosa Tbk. Conversely, foreign investors were net buyers of PT Bank Rakyat Indonesia (Persero) Tbk. (Rp176.97 billion), PT Bank Central Asia Tbk. (Rp34.17 billion), PT Astra International Tbk. (Rp36.34 billion), PT Aneka Tambang Tbk. (Rp13.42 billion), PT Alamtri Resources Indonesia Tbk. (Rp11.06 billion) and PT Adaro Andalan Indonesia Tbk. (Rp10.22 billion). Overall market activity showed the IHSG falling 1.75% to 6,204.63, total transaction value Rp10.51 trillion and volume 24.61 billion shares, amid external pressures from oil prices above US$100 per barrel and new US import tariffs.","Foreign Investment, Market Sentiment, Bearish",negative
2026-07-30T09:25:00,"Bursa Efek Indonesia releases updated IDXHIDIV20 high‑dividend index list with weight changes for PT Bank Rakyat Indonesia (Persero) Tbk, PT Bank Central Asia Tbk and PT Astra International Tbk",https://market.bisnis.com/read/20260730/7/1992230/ini-daftar-saham-indeks-high-dividend-idxhidiv20-terbaru-ada-bbca-hingga-asii,"Bursa Efek Indonesia releases updated IDXHIDIV20 high‑dividend index list with weight changes for PT Bank Rakyat Indonesia (Persero) Tbk, PT Bank Central Asia Tbk and PT Astra International Tbk Bursa Efek Indonesia announced the latest composition of the IDX High Dividend (IDXHIDIV20) index, effective 5 August 2026 to 2 February 2027, with the constituent list unchanged. The index weights shifted to 15 % for PT Bank Rakyat Indonesia (Persero) Tbk (down from 15.90 %), 14.85 % for PT Bank Central Asia Tbk (up from 14.14 %) and 12.44 % for PT Astra International Tbk (up from 11.92 %). PT Bank Rakyat Indonesia reported a FY2025 cash dividend of Rp52.10 trillion (Rp346 per share, including an interim Rp137 per share paid on 15 January 2026); PT Bank Central Asia disclosed a FY2025 cash dividend of Rp41.3 trillion (Rp281 per share) reflecting a 72 % payout ratio; PT Astra International announced a FY2025 cash dividend of Rp15.66 trillion (Rp390 per share) that includes an interim Rp98 per share (Rp3.96 trillion). The index calculation period runs from 5 August 2026 to 3 November 2026.","Dividend Announcement, Neutral",positive
2026-08-07T08:46:00,Check Stock Recommendations as the Jakarta Composite Index Weakens,https://finance.detik.com/bursa-dan-valas/d-8607969/cek-rekomendasi-saham-saat-ihsg-melemah,"Check Stock Recommendations as the Jakarta Composite Index Weakens The article reviews stock recommendations in the context of a weakening IHSG, which fell 0.12% to 6,343.71. DSSA (+12.14%), BREN (+3.30%) and ASII (+1.49%) rose, while BBCA (-1.55%), TLKM (-2.21%) and MORA (-4.55%) dragged the index; foreign investors posted net sells of Rp217.24 bn in the regular market and Rp273.47 bn overall, with the property sector down 0.70% and energy up 1.43% as US indices also slipped. OKAS, through its subsidiary Kemitraan MNK BME (KMB), added US$60 million in contracts (US$11 million new, US$49 million extension) equal to about 78.6% of its semester‑I 2026 sales, while its net profit fell to US$1.06 million from US$5.86 million a year earlier; CTRA is developing the Senja Beach Club on a 60‑hectare site managed by its subsidiary Ciputra Nirvanadwipa (73.02% ownership), contributing to FY2025 revenue of Rp12.62 trillion and net profit of Rp2.66 trillion; HAJJ targets higher 2026 profit after FY2025 revenue of Rp363.60 billion dropped 30.31% and gross margin improved to 18.80% with a liability‑to‑equity ratio of 1.47. The market also noted speculation on a possible increase in Indonesia’s nickel ore quota, which coincided with a 0.71% decline in the EIDO nickel ETF and a 0.53% drop in the MSCI Indonesia index.","Market Sentiment, Foreign Investment, Commodities, Global Index, Bearish",neutral
2026-09-24T06:20:43,"President Director Rudi and Commissioner Prijono Sugiarto of PT Astra International Tbk (ASII) buy additional shares, spending IDR 21.14 billion and IDR 42.20 million respectively",https://www.cnbcindonesia.com/market/20260924000925-17-770383/dua-petinggi-astra-international-borong-saham-nilainya-fantastis,"President Director Rudi and Commissioner Prijono Sugiarto of PT Astra International Tbk (ASII) buy additional shares, spending IDR 21.14 billion and IDR 42.20 million respectively PT Astra International Tbk (ASII) disclosed that President Director Rudi purchased 2,200,000 shares on 21 September 2026 at IDR 4,820 per share and another 2,200,000 shares on 22 September 2026 at IDR 4,790 per share, totaling an outlay of approximately IDR 21.14 billion. The purchases raised Rudi’s holding from 1.2 million to 5.6 million shares, giving him a voting right of 0,0138%. Member of the Board of Commissioners Prijono Sugiarto bought 8,700 shares on 21 September 2026 at IDR 4,850 per share for about IDR 42.20 million, increasing his stake from 5,587,100 to 5,595,800 shares while his voting right remained at 0,0138%. Both transactions were reported to the Indonesia Stock Exchange (BEI) as investment purchases.","Ownership, Bullish",positive
2026-08-31T08:47:27,Astra International launches voluntary tender offer for 238.4 million Astra Otoparts shares at a 35.6% premium,https://investor.id/market/452198/astra-asii-tender-offer-238-juta-saham-auto-di-harga-premium,"Astra International launches voluntary tender offer for 238.4 million Astra Otoparts shares at a 35.6% premium Astra International announced a voluntary tender offer to purchase 238,442,293 shares of its subsidiary Astra Otoparts at a premium. The offer price of Rp3,600 per share is 35.57% above the 90‑day average high and offers a 5.88% upside to the August 28 closing price of Rp3,400, valuing the transaction at up to Rp858.39 billion. The shares represent 4.947% of AUTO’s capital, which would increase Astra International’s ownership from 80.00% (3,855,786,337 shares) to 84.947% (4,094,228,630 shares). The VTO runs from 8 October to 6 November 2026, with payment on 13 November, and will be executed via a crossing on the Indonesia Stock Exchange under KSEI settlement, with PT Trimegah Sekuritas Indonesia appointed as the securities firm. Astra International affirmed it has sufficient funds and does not plan to delist or go‑private Astra Otoparts.","Mergers & Acquisitions, Ownership, Subsidiaries, Capital & Funding, Bullish",positive
2026-07-17T16:07:00,PT Astra International Tbk approves up to Rp 8 trillion share buyback and plans Management Stock Ownership Program,https://investasi.kontan.co.id/news/rups-setujui-buyback-rp-8-triliun-astra-siapkan-program-saham-manajemen,"PT Astra International Tbk approves up to Rp 8 trillion share buyback and plans Management Stock Ownership Program PT Astra International Tbk received shareholder approval at its extraordinary general meeting on 17 July 2026 to repurchase its own shares. The buyback program is authorized for a maximum value of Rp 8 trillion, excluding brokerage and other related costs. Shareholders also approved the transfer of up to 100 million shares from the Phase III buyback (16 March–15 June 2026) to fund a Management Stock Ownership Program, with pricing and payment terms to be set by the Nomination and Remuneration Committee. The board was given authority to execute the buyback and related actions in accordance with POJK No. 29/2023.","Stock Buyback, Shareholders General Meeting, Ownership, Capital & Funding, Bullish",positive
2026-06-11T08:59:30,PT Astra International Tbk plans up to Rp 8 trillion share buyback,https://investor.id/corporate-action/442296/saham-pbv-di-bawah-1-mau-diserok-triliunan,"PT Astra International Tbk plans up to Rp 8 trillion share buyback PT Astra International Tbk announced a share repurchase program of up to Rp 8 trillion. The buyback will not exceed 10% of the company's paid‑up capital and will keep the free‑float share at least 15% of paid‑up capital, as required by OJK Regulation No. 29/2023. Shareholders will vote on the proposal at an extraordinary general meeting scheduled for 17 July 2026, after the stock rose 0.64% to Rp 4,700 on 10 June 2026. Over the past month the shares have fallen 19.31%, and the stock trades at a price‑to‑book ratio of 0.82 and a price‑earnings ratio of 6 (TTM), indicating a low valuation.","Stock Buyback, Shareholders General Meeting, Politics & Regulation, Capital & Funding, Bullish",positive
2026-07-16T08:45:00,PT Astra International Tbk plans to transfer 100 million treasury shares via MSOP with no lock‑up,https://www.idnfinancials.com/id/news/66148/asii-berencana-alihkan-saham-treasury-lewat-msop-tanpa-lock-up,"PT Astra International Tbk plans to transfer 100 million treasury shares via MSOP with no lock‑up PT Astra International Tbk announced it will seek shareholder approval to transfer up to 100 million treasury shares to management under its Management Stock Ownership Program (MSOP) without a lock‑up period. The shares stem from the third‑phase buyback conducted from 16 March to 15 June 2026, part of a total repurchase of 563.49 million shares (305.21 million in the first phase, 104.85 million in the second, and 153.43 million in the third). The proposal will be presented at an extraordinary General Meeting on 17 July 2026, with allocations determined by the Nomination and Remuneration Committee for eligible managers. PT Astra International Tbk, which is under the control of Jardine Cycle & Carriage, notes that recipients may sell the shares immediately after transfer at the market price on the Bursa Efek Indonesia.","Stock Buyback, Shareholders General Meeting, Ownership, Bearish",neutral
2026-08-19T17:31:03,"Director Djap Tet Fa of PT Astra International Tbk purchases 500,000 shares for Rp 2.4 billion",https://www.cnbcindonesia.com/market/20260819114411-17-760558/direktur-astra--asii--borong-saham-rp-24-miliar,"Director Djap Tet Fa of PT Astra International Tbk purchases 500,000 shares for Rp 2.4 billion PT Astra International Tbk disclosed that its director Djap Tet Fa bought an additional 500,000 shares on 12 August 2026 at Rp4,825 per share, costing roughly Rp2.4 billion. The purchase raised his holding to 3,500,000 shares, or 0,0086% of the company's total shares, up from 3,000,000 shares (0,0074%). The transaction was executed directly as a personal investment and did not involve any repurchase agreement. The filing was made through the Indonesia Stock Exchange (BEI).","Insider Trading, Ownership, Bullish",positive
2026-07-09T14:21:14,"Foreign investors recorded a net sell of Rp221.68 billion in Session I, with PT Bank Rakyat Indonesia (BBRI) leading the sell‑off and PT Merdeka Battery Materials (MBMA) topping net purchases.",https://www.cnbcindonesia.com/market/20260709140904-17-749466/asing-net-sell-rp221-miliar-di-sesi-i-ini-daftar-sahamnya,"Foreign investors recorded a net sell of Rp221.68 billion in Session I, with PT Bank Rakyat Indonesia (BBRI) leading the sell‑off and PT Merdeka Battery Materials (MBMA) topping net purchases. Foreign investors posted a net sell of Rp221.68 billion in the first trading session on Thursday 9 July 2026. The sell‑off was led by PT Bank Rakyat Indonesia (BBRI) (Rp138.39 billion), PT Mitra Adiperkasa (MAPI) (Rp73.71 billion), PT Astra International (ASII) (Rp30.39 billion), PT Dian Swastatika Sentosa (DSSA) (Rp27.46 billion), PT Telkom Indonesia (TLKM) (Rp18.77 billion), PT Energi Mega Persada (ENRG) (Rp16.45 billion), PT Merdeka Copper Gold (MDKA) (Rp13.03 billion), PT Barito Pacific (BRPT) (Rp11.88 billion), PT Adaro Andalan Indonesia (AADI) (Rp8.88 billion) and PT Bukit Uluwatu Villa (BUVA) (Rp6.85 billion). At the same time, foreign investors net‑bought PT Merdeka Battery Materials (MBMA) (Rp262.08 billion), PT Darma Henwa (DEWA) (Rp53.96 billion), PT Chandra Asri Pacific (TPIA) (Rp19.42 billion), PT Rukun Raharja (RAJA) (Rp7.19 billion), PT Bakrie & Brothers (BNBR) (Rp6.86 billion), PT Bank Tabungan Negara (BBTN) (Rp6.64 billion), PT ESSA Industries Indonesia (ESSA) (Rp6.47 billion), PT Bank Central Asia (BBCA) (Rp5.64 billion), PT Sumber Alfaria Trijaya (AMRT) (Rp5.23 billion) and PT Merdeka Gold Resources (EMAS) (Rp5.13 billion). Despite the net outflow, the Jakarta Composite Index (IHSG) rose 0.21% to 5,885.69, while total foreign trading volume reached Rp4.32 trillion (buy Rp2.05 trillion, sell Rp2.27 trillion).","Foreign Investment, Bearish",neutral
2026-07-19T18:06:00,Indonesia market outlook ahead of Bank Indonesia’s July 2026 RDG suggests minimal impact on the IHSG,https://investasi.kontan.co.id/news/menilik-nasib-pasar-keuangan-jelang-rdg-bi-bulan-juli-2026,"Indonesia market outlook ahead of Bank Indonesia’s July 2026 RDG suggests minimal impact on the IHSG The article analyzes the Indonesian financial‑market outlook ahead of the Bank Indonesia (BI) Governor’s Council (RDG) meeting in July 2026. It notes that foreign investors recorded a net bond purchase of US$5.5 billion in June, the largest monthly inflow since May 2024, and a net equity inflow of Rp 725.11 billion on 17 July, while net outflows in the regular market remain sizable. Despite these flows, the Jakarta Composite Index (IHSG) rose 1.1 % to 6,175 on Friday, and analysts project the index to trade between 6,000‑6,300 in the week surrounding the RDG, indicating limited impact from the policy decision. Analysts recommend several stocks, citing target prices for BBCA, BBRI, BMRI, TLKM, ASII, ICBP, INDF, ANTM and MDKA, and suggest that a stable rupiah and continued foreign inflows could support an up‑trend. The commentary also stresses that broader macro factors such as US Fed policy, commodity prices and corporate earnings will dominate market direction more than the BI rate decision.","Central Bank, Foreign Investment, Market Sentiment, Bullish",neutral
2026-06-23T04:50:00,"Technical buy recommendations issued for PT Ciputra Development Tbk, PT Astra International Tbk, and PT Bank Rakyat Indonesia Tbk",https://investasi.kontan.co.id/news/simak-rekomendasi-saham-teknikal-ctra-asii-dan-bbri-untuk-hari-ini-236,"Technical buy recommendations issued for PT Ciputra Development Tbk, PT Astra International Tbk, and PT Bank Rakyat Indonesia Tbk PT Ciputra Development Tbk closed at Rp 545, down 0.91% on 22 June 2026; the stock is in a bearish trend below the 10‑day MA with a flattening MACD and RSI near oversold, and the broker recommends a speculative buy targeting Rp 600 and setting support at Rp 510. PT Astra International Tbk fell 1.66% to Rp 4,730, showing a bearish engulfing pattern, weakening RSI and a dead‑cross Stochastic, and the recommendation is a buy on weakness with entry between Rp 4,650‑4,680, resistance Rp 4,940 and support Rp 4,650. PT Bank Rakyat Indonesia Tbk dropped 2.05% to Rp 2,870, with positive Stochastics K_D and RSI despite a three‑black‑crows correction, and the broker advises adding the stock with resistance near Rp 2,980 and support at Rp 2,760.",Analyst Ratings,neutral
2026-07-17T12:41:00,PT Astra International Tbk approved Rp 8 trillion share buyback,https://investasi.kontan.co.id/news/astra-international-asii-siap-beli-saham-usai-raih-restu-buyback-saham-rp-8-triliun,"PT Astra International Tbk approved Rp 8 trillion share buyback PT Astra International Tbk received shareholder approval to repurchase up to Rp 8 trillion of its shares. The approval was given at an extraordinary general meeting held on 17 July 2026. Shareholders also authorized the transfer of up to 100 million shares from the ongoing buy‑back program (16 March–15 June 2026) for a management share‑ownership program, with the nomination and remuneration committee and the board empowered to set the transfer price and related obligations. The board was further empowered to determine the buy‑back price and take any actions required under applicable regulations.","Stock Buyback, Shareholders General Meeting, Bullish",positive
2026-09-10T12:20:00,Astra International (ASII) Commits to 45-50% Dividend Payout Ratio for Fiscal Year 2026 Amid Mining Challenges,https://www.bloombergtechnoz.com/detail-news/121140/bocoran-rasio-dividen-astra-asii-tahun-buku-2026,"Astra International (ASII) Commits to 45-50% Dividend Payout Ratio for Fiscal Year 2026 Amid Mining Challenges PT Astra International Tbk (ASII) pledged to maintain a dividend payout ratio of 45% to 50% for fiscal year 2026, as stated by President Director Rudy at a public expose on September 10, 2026. The commitment comes despite first-half headwinds in coal and mineral mining, with net profit of Rp12.5 trillion on revenue of Rp157.9 trillion for H1 2026. Astra also approved a new share buyback program of up to Rp8 trillion for 12 months, while its subsidiary PT United Tractors Tbk (UNTR) announced a Rp2 trillion buyback for three months after its net profit plunged 88.2% year-on-year to Rp956.28 billion. Management expects a second-half recovery driven by the resumed operations of the Martabe gold mine in May 2026 and higher coal mining work plans, while automotive and financial services segments remained resilient with year-on-year growth of 9% and 6% respectively.","Dividend Announcement, Stock Buyback, Commodities, Financial Metrics, Bullish",positive
2026-09-23T16:08:04,Prijono Sugiarto Buy Shares of Astra International,https://www.idx.co.id/StaticData/NewsAndAnnouncement/ANNOUNCEMENTSTOCK/From_KSEI/LK-23092026-3032-00.pdf-0.pdf,"Prijono Sugiarto Buy Shares of Astra International On 21 September 2026, Astra International insider Prijono Sugiarto bought 8,700 shares at IDR 4,850 per share, a transaction worth IDR 42,195,000, increasing his stake to 5,595,800 shares (0.014% of the company) and classified as an investment. The purchase adds to a recent wave of insider buying at Astra International, where insiders have collectively acquired more than 6 million shares in the past six months.",Insider Trading,positive
2026-09-04T09:34:00,"IHSG Rises 0.31% in Early Trading on Friday (4/9), Check LQ45 Stocks Driving the Move",https://investasi.kontan.co.id/news/ihsg-naik-031-di-awal-perdagangan-jumat-49-cek-saham-lq45-yang-jadi-penggerak,"IHSG Rises 0.31% in Early Trading on Friday (4/9), Check LQ45 Stocks Driving the Move The Jakarta Composite Index (IHSG) rose 0.31% in early trading on Friday, 4 September 2026, supported by gains in LQ45 constituents. The index advanced 20,844 points to 6,688,735, with 334 stocks up, 191 down, 197 unchanged, and total turnover of 5.7 billion shares worth about Rp 2.3 trillion. PT Indah Kiat Pulp & Paper Tbk gained 1.97% to Rp 9,075, PT Solusi Energi Digital Tbk rose 1.44% to Rp 2,120, PT Kalbe Farma Tbk increased 1.28% to Rp 790, while PT ESSA Industries Indonesia Tbk fell 1.39% to Rp 710, PT Astra International Tbk slipped 1.19% to Rp 4,990, and PT Trimegah Bangun Persada Tbk dropped 1.03% to Rp 960. Technical analysis indicates the index has broken the 6,650 resistance and may test 6,724, though profit-taking risk remains ahead of U.S. non-farm payroll and unemployment data.",Bullish,neutral
2026-09-10T13:35:00,Astra International Explains Rationale for Voluntary Tender Offer to Increase Stake in Astra Otoparts,https://market.bisnis.com/read/20260910/192/2003046/bos-astra-ungkap-alasan-asii-kerek-kepemilikan-saham-di-auto,"Astra International Explains Rationale for Voluntary Tender Offer to Increase Stake in Astra Otoparts PT Astra International Tbk (ASII) disclosed the reasoning behind its voluntary tender offer (VTO) to acquire up to 4.95% of PT Astra Otoparts Tbk (AUTO) at Rp3,600 per share, citing confidence in AUTO's fundamental performance and long-term growth potential in automotive components. The acquisition, requiring up to Rp858 billion in internal funds, would raise ASII's ownership from 80% to 84.95% while maintaining the minimum 15% free float requirement. ASII President Director Rudi stated the additional 4.95% stake could contribute an estimated Rp110-115 billion annually to ASII's consolidated net profit, based on AUTO's projected annual net profit of Rp2.2-2.3 trillion. The move aligns with ASII's strategic focus since May 2026 on automotive, financial services, and mining solutions, with the company allocating Rp36 trillion for capital expenditure and strategic investments in 2026, including PT United Tractors Tbk (UNTR)'s Rp11.7 trillion acquisition of PT Arafura Surya Alam.","Mergers & Acquisitions, Ownership, Capital & Funding, Business Expansion, Bullish",positive
2026-09-03T06:22:02,The Fate of Indonesian Stocks Amid MSCI's Whirlwind,https://investor.id/market/452657/nasib-saham-di-pusaran-msci,"The Fate of Indonesian Stocks Amid MSCI's Whirlwind MSCI Inc’s August 2026 index review, effective 1 September, removed GOTO and CPIN from the MSCI Global Standard, leaving nine Indonesian constituents: UNTR, BBCA, BMRI, BBNI, BRMS, BBRI, BRPT, ASII and TLKM. During 1-2 September, foreign investors net bought the five most sought-after stocks—BBRI (Rp 993.29 bn), BBCA (Rp 589.83 bn), BMRI (Rp 227.78 bn), BBNI (Rp 36.34 bn) and BRPT (Rp 43.86 bn)—while net selling UNTR (Rp 10.11 bn), BRMS (Rp 54.06 bn), TLKM (Rp 111.7 bn) and ASII (Rp 65.92 bn). On the latest trading day, BBRI rose 0.30% to Rp 3,390, BBCA jumped 1.14% to Rp 6,675, BMRI gained 0.93% to Rp 4,360, BBNI climbed 0.78% to Rp 3,900 and BRPT slipped 0.55% to Rp 1,820, while ASII fell 1.63% to Rp 4,840, TLKM dropped 0.77% to Rp 2,590, BRMS declined 1.37% to Rp 720 and UNTR slipped 2.05% to Rp 25,050. The divergent net foreign flows underscore varying investor sentiment among the remaining MSCI constituents after the index composition change.","Global Index, Foreign Investment, Market Sentiment, Neutral",neutral
2026-07-10T20:34:00,"Foreign investors record net sells of Rp 421.5 billion on Friday, led by PT Bank Central Asia Tbk and PT Bank Rakyat Indonesia Tbk",https://investasi.kontan.co.id/news/bbca-dan-bbri-tertatas-cermati-saham-net-sell-terbesar-asing-jumat-106,"Foreign investors record net sells of Rp 421.5 billion on Friday, led by PT Bank Central Asia Tbk and PT Bank Rakyat Indonesia Tbk Foreign investors posted a net sell of Rp 421.51 billion across the Indonesian market on Friday, with PT Bank Central Asia Tbk and PT Bank Rakyat Indonesia Tbk topping the list. The IHSG closed at 5,924.26, up 0.20% (11.91 points) for the day and 0.83% for the week, on a volume of 18.51 billion shares worth Rp 8.85 trillion. Net sell amounts for the ten most‑sold stocks were: PT Bank Central Asia Tbk (Rp 132.81 billion), PT Bank Rakyat Indonesia Tbk (Rp 106.78 billion), PT Telkom Indonesia Tbk (Rp 81.02 billion), PT Darma Henwa Tbk (Rp 41.56 billion), PT Astra International Tbk (Rp 29.01 billion), PT Merdeka Copper Gold Tbk (Rp 22.07 billion), PT Trimegah Bangun Persada Tbk (Rp 20.72 billion), PT Bank Negara Indonesia Tbk (Rp 16.31 billion), PT Vale Indonesia Tbk (Rp 14.59 billion) and PT Amman Mineral Interasional Tbk (Rp 14.38 billion). Despite the index’s modest gain, the continued foreign outflow highlights persistent selling pressure on Indonesian equities.","Foreign Investment, Bearish",negative
2026-09-21T21:14:00,"Foreign investors net sold Rp 510.07 bn of Indonesian stocks, led by PT Bank Mandiri Tbk (BMRI)",https://investasi.kontan.co.id/news/asing-net-sell-jumbo-rp-510-miliar-cek-saham-yang-banyak-dijual-di-awal-pekan,"Foreign investors net sold Rp 510.07 bn of Indonesian stocks, led by PT Bank Mandiri Tbk (BMRI) Foreign investors recorded a net sell of Rp 510.07 bn on Monday, sending the Indonesia Composite Index (IHSG) down 0.88% to 6,384.72 points. The ten stocks with the largest foreign net outflows were PT Bank Mandiri Tbk (BMRI) (Rp 140.61 bn), PT Aneka Tambang Tbk (ANTM) (Rp 139.93 bn), PT Bank Central Asia Tbk (BBCA) (Rp 131.34 bn), PT Telkom Indonesia Tbk (TLKM) (Rp 114.62 bn), PT Merdeka Copper Gold Tbk (MDKA) (Rp 32.42 bn), PT Astra International Tbk (ASII) (Rp 26.38 bn), PT Charoen Pokphand Indonesia Tbk (CPIN) (Rp 25.81 bn), PT Alamtri Resoruces Indonesia Tbk (ADRO) (Rp 22.32 bn), PT Bank Negara Indonesia Tbk (BBNI) (Rp 21.98 bn), and PT Energi Mega Persada Tbk (ENRG) (Rp 16.65 bn). Overall market activity was high, with 26.78 billion shares traded for a total value of Rp 11.77 trillion. Sectorally, infrastructure fell 1.38% while transport rose 0.55%, health gained 0.21% and property remained flat.","Foreign Investment, Market Sentiment, Bearish",negative
2026-08-04T19:04:11,"Indonesia's IHSG jumps 1.37% as foreign investors net buy Rp623 billion, led by major banks",https://www.cnbcindonesia.com/market/20260804181846-17-756573/ihsg-lompat-asing-net-buy-rp623-miliar-borong-saham-bank,"Indonesia's IHSG jumps 1.37% as foreign investors net buy Rp623 billion, led by major banks The Jakarta Composite Index (IHSG) closed up 1.37% at 6,319.61 points on 4 August 2026, driven by strong foreign buying. Foreign investors recorded a net purchase of Rp623.48 billion across the market, with net buying of Rp741.19 billion in the regular market and a net sell of Rp117.71 billion in the cash‑negotiated segment, accounting for 32.90% of total transaction value. The top net‑foreign‑buy stocks were PT Bank Central Asia Tbk (Rp404.43 billion), PT Bank Mandiri (Persero) Tbk (Rp129.87 billion), PT Bank Rakyat Indonesia (Persero) Tbk (Rp116.06 billion) and PT Bank Negara Indonesia (Persero) Tbk (Rp94.05 billion), all of which posted price gains of 3.17% to 3.98% during the session. Other gainers included PT Telekomunikasi Indonesia Tbk, PT Astra International Tbk and PT United Tractors Tbk, which rose between 0.84% and 1.82%.","Foreign Investment, Market Sentiment, Bullish",positive
2026-07-13T06:45:00,Astra International's June 2026 car sales surge 37% year‑on‑year,https://emitennews.com/news/juni-2026-penjualan-mobil-asii-melejit-37-persen,"Astra International's June 2026 car sales surge 37% year‑on‑year Astra International reported a 37% year‑on‑year increase in June 2026 vehicle sales, reaching 40,235 units. The half‑year total rose to 222,371 units, a 10.2% rise from the same period in 2025, with Toyota and Lexus accounting for 134,520 units, Daihatsu 73,545 units, and Isuzu 13,890 units. Despite the sales boost, Astra’s market share slipped to about 51% from 54% a year earlier, and its Low Cost Green Car segment fell 15.4% to 43,279 units, while UD Trucks sales plunged 62.8% to 416 units. The company’s share price fell 70 points (1.43%) to Rp4,810, marking a 29.26% year‑to‑date decline from the January 2 level of Rp6,800.","Business Expansion, Financial Metrics, Market Sentiment, Bearish",neutral
2026-06-09T13:35:00,"PT Telkom Indonesia (Persero) Tbk leads 8.9% surge as Indonesia's IHSG jumps 4.82% on June 9, 2026",https://money.kompas.com/read/2026/06/09/133533726/ihsg-sesi-i-melonjak-investor-borong-saham-tlkm-tpia-bbri-hingga-ammn,"PT Telkom Indonesia (Persero) Tbk leads 8.9% surge as Indonesia's IHSG jumps 4.82% on June 9, 2026 On Tuesday, 9 June 2026, Indonesia's composite index (IHSG) rallied 4.82% to a high of 5,627,575, breaking the 5,600 level. The advance was driven by large‑cap stocks, led by PT Telkom Indonesia (Persero) Tbk, which rose 8.9%, and PT Chandra Asri Pacific Tbk, up 8.4%. PT Bank Rakyat Indonesia (Persero) Tbk gained 6.6%, PT Amman Mineral Internasional Tbk climbed 6.3%, and PT Astra International Tbk increased 5.7%, underpinning the broad sectoral gains.","Market Sentiment, Bullish",positive
2026-08-31T18:51:00,"ASII to spend up to Rp 858.4 bn on voluntary tender offer for AUTO shares at Rp 3,600 each",https://investasi.kontan.co.id/news/asii-siapkan-rp-858-miliar-untuk-borong-saham-auto-di-rp-3600-ini-saran-analis,"ASII to spend up to Rp 858.4 bn on voluntary tender offer for AUTO shares at Rp 3,600 each PT Astra International Tbk (ASII) announced a voluntary tender offer to purchase up to 238,442,293 shares of its subsidiary PT Astra Otoparts Tbk (AUTO) at Rp 3,600 per share. The maximum transaction value is Rp 858.39 billion, which could raise ASII’s ownership to as much as 84.947% of AUTO’s paid‑up capital (4,094,228,630 shares). ASII said the funding will be sourced from its internal cash reserves. Analysts highlighted the premium price and noted that the offer could reduce AUTO’s free float, affecting liquidity and potentially creating scarcity value.","Mergers & Acquisitions, Ownership, Capital & Funding, Bullish",neutral
2026-08-04T07:25:00,"Phintraco Sekuritas projects IHSG to test 6,250‑6,300 and recommends ICBP, MAPA, MEDC, ELSA, ASII",https://market.bisnis.com/read/20260804/189/1993392/ihsg-dibidik-ke-level-6300-sentimen-global-dan-domestik-makin-kondusif,"Phintraco Sekuritas projects IHSG to test 6,250‑6,300 and recommends ICBP, MAPA, MEDC, ELSA, ASII Phintraco Sekuritas projects Indonesia's composite index (IHSG) to test resistance between 6,250 and 6,300, with a pivot at 6,230 and support at 6,180. The outlook is supported by easing global oil prices, a PMI of 50.2, a trade deficit narrowing to US$450 million and inflation slowing to 2.88% year‑on‑year. In line with the bullish view, Phintraco Sekuritas recommends the following stocks for attention: ICBP, MAPA, MEDC, ELSA and ASII. The recommendation follows expectations of continued consumer purchasing power as fuel prices decline and geopolitical tensions ease after the U.S. decision on Iran.","Analyst Ratings, Inflation, Global Economy, Bullish",neutral
2026-07-18T05:33:22,Popular News: PT Astra International Tbk Announces Up to Rp 8 Trillion Share Buyback and Gold Price Forecasts,https://investor.id/market/446989/berita-populer-astra-asii-buyback-saham-jumbo-hingga-ramalan-harga-emas,"Popular News: PT Astra International Tbk Announces Up to Rp 8 Trillion Share Buyback and Gold Price Forecasts The article rounds up popular financial news on 17 July 2026, covering PT Astra International Tbk’s planned Rp 8 trillion share buyback, a Bank of America forecast that gold may fall to US$ 3,600 per ounce, PT Bank Mandiri Tbk’s stock rally, and PT Bank Central Asia Tbk’s Q1 earnings. PT Astra International Tbk announced an extraordinary shareholders meeting on that date to approve the buyback programme of up to Rp 8 trillion. PT Bank Mandiri Tbk’s shares rose 2.62% to Rp 4,310 on 16 July 2026, with foreign investors net buying Rp 180.18 billion across 103.43 million shares. PT Bank Central Asia Tbk posted Q1‑2026 net profit of Rp 14.7 trillion (up 3.8% YoY and QoQ), total credit of Rp 993.8 trillion and a net interest margin of 5.4%.","Stock Buyback, Commodities, Financial Metrics, Foreign Investment, Bullish",positive
2026-06-27T13:14:00,"PT Astra International Tbk Commissioner Prijono Sugiarto Buys 305,000 Shares, Totaling Rp1.46 Billion",https://investasi.kontan.co.id/news/harga-bergerak-di-bawah-rp-5000-komisaris-astra-asii-rajin-borong-saham,"PT Astra International Tbk Commissioner Prijono Sugiarto Buys 305,000 Shares, Totaling Rp1.46 Billion Commissioner Prijono Sugiarto of PT Astra International Tbk purchased a total of 305,000 shares over three transactions on June 19, 24 and 25, 2026 at prices of Rp4,800, Rp4,732 and Rp4,876 per share, amounting to roughly Rp1.46 billion and raising his holding to 5.48 million shares (0,0135% voting rights). On June 26 the PT Astra International Tbk share price closed at Rp4,760, down 3.25%, and the company announced an extraordinary shareholders meeting on July 17 to seek approval for a share‑buyback program.","Ownership, Stock Buyback, Shareholders General Meeting, Bullish",positive
2026-08-13T16:19:12,Djap Tet Fa buy Shares of Astra International,https://www.idx.co.id/StaticData/NewsAndAnnouncement/ANNOUNCEMENTSTOCK/From_KSEI/LK-13082026-1352-00.pdf-0.pdf,"Djap Tet Fa buy Shares of Astra International On Aug 12, 2026, insider Djap Tet Fa purchased 500,000 Astra International (ASII.JK) shares at IDR 4,825 per share, costing IDR 2,412,500,000. The stake rose from 3,000,000 to 3,500,000 shares, lifting ownership from 0.007% to 0.009%. The buy, classified as an investment, follows a series of insider purchases this year, including multiple 500,000‑share buys by other executives in March and June, reflecting continued accumulation by company insiders.",Insider Trading,positive
2026-09-03T07:27:40,"Foreign Investors Heavily Sell Shares of TLKM, ADRO, ASII, and BUMI",https://investor.id/market/452672/sederet-saham-ramai-ditinggal-asing,"Foreign Investors Heavily Sell Shares of TLKM, ADRO, ASII, and BUMI Foreign investors sold shares of TLKM, ADRO, ASII, and BUMI, with net sell volumes of Rp 101.8 miliar, Rp 89.9 miliar, Rp 63.7 miliar, and Rp 40.7 miliar respectively, contributing to a total net sell of Rp 326.6 miliar across the market. The net sell activity pushed the Indonesia Composite Index (IHSG) down 4.17 points to 6,595.7 on Wednesday, 2 September 2026. In the regular market, foreign investors recorded net sell of Rp 235.1 triliun, while the negotiated and cash market saw Rp 91.4 miliar. Total trading volume for the day reached Rp 16.7 triliun.","Foreign Investment, Bearish",negative
2026-07-30T19:10:00,"Astra International posts Rp12.53 trillion net profit in H1 2026, announces up‑to‑Rp8 trillion share buyback",https://market.bisnis.com/read/20260730/192/1992424/astra-asii-mampu-cetak-laba-rp1253-triliun-di-semester-i2026,"Astra International posts Rp12.53 trillion net profit in H1 2026, announces up‑to‑Rp8 trillion share buyback Astra International Tbk reported net profit of Rp12.53 trillion for the first half of 2026, a 19 % decline year‑on‑year, with earnings per share falling to Rp313. Consolidated revenue slipped 3 % to Rp157.91 trillion, while adjusted profit excluding non‑recurring items was Rp14.89 trillion, down 7 % YoY. Profit fell mainly in the mining solutions and heavy‑equipment segment, which posted Rp2.70 trillion versus Rp5.02 trillion a year earlier, whereas automotive, financial‑services and other businesses posted gains of 9 %, 6 % and 31 % respectively. The company unveiled a new corporate strategy focused on automotive, financial services and mining solutions, and announced a share‑buyback programme of up to Rp8 trillion for the next 12 months, while its subsidiary United Tractors Tbk launched a separate buyback of up to Rp2 trillion for three months.","Stock Buyback, Financial Metrics, Subsidiaries, Bearish",negative
2026-07-16T14:41:03,Astra Otoparts and Astra International stocks expected to rally ahead of the largest GIIAS,https://investor.id/market/446775/geliat-saham-grup-astra-auto-asii-jelang-giias-terbesar,"Astra Otoparts and Astra International stocks expected to rally ahead of the largest GIIAS A broker report predicts that the shares of Astra Otoparts and Astra International will rise ahead of the upcoming Gaikindo Indonesia International Auto Show (GIIAS). GIIAS, scheduled for 30 July–9 August 2026, is expected to be the largest edition with participation from more than 65 automotive brands. The outlook is supported by wholesale vehicle sales that reached 436,564 units in the first half of 2026, a 15.9% year‑on‑year increase, and June 2026 sales of 77,550 units, up 12% month‑on‑month. However, the timing of the government’s electric‑vehicle incentive package remains uncertain, which could affect the sector’s momentum.","Analyst Ratings, Government Policy, Bullish",neutral
2026-08-12T15:55:00,"Astra International projected to keep 50% market share as Chinese brands dominate GIIAS 2026, automotive stocks remain overweight",https://investasi.kontan.co.id/news/merek-china-makin-dominan-di-giias-2026-saham-otomotif-masih-dipasang-overweight,"Astra International projected to keep 50% market share as Chinese brands dominate GIIAS 2026, automotive stocks remain overweight Indo Premier Sekuritas notes that Chinese automotive brands now account for 20 of the 43 marques displayed at GIIAS 2026, highlighting their expanding dominance in Indonesia. The exhibition featured 21 new xEV models, with launches by BAW, Chery, Wuling and Changan adding affordable electric options. Nevertheless, the analyst expects Astra International (ASII) to retain roughly 50% of the domestic passenger‑vehicle market in FY2026 and forecasts wholesale demand to exceed 850,000 units, justifying an overweight rating on the automotive sector. Visitor numbers at the show are projected to rise 5‑10% year‑on‑year, supporting the positive sales outlook.","Analyst Ratings, Business Expansion, Market Sentiment, Bullish",positive
2026-07-13T13:44:12,Astra (ASII) Gains Momentum as Automotive Sales Accelerate,https://investor.id/market/446291/astra-asii-mendapat-momentum,"Astra (ASII) Gains Momentum as Automotive Sales Accelerate The article reports that PT Astra International Tbk (ASII) is experiencing positive momentum in its automotive business. It recorded domestic car sales of 222,371 units in the first half of 2026, a 10% increase over the same period in 2025, with overall yearly and monthly growth of 37% and 4% respectively. Sales of low‑cost green cars rose to 8,068 units in June 2026 from 6,099 units in June 2025, indicating a recovery in a segment usually sensitive to higher interest rates. The strong sales performance allows Astra to maintain a market‑share above 50%, in line with its target.","Business Expansion, Financial Metrics, Interest Rate, Bullish",positive
2026-09-10T16:49:00,"PT Astra International Tbk plans Rp36 trillion capex in 2026, allocating Rp15 trillion to PT United Tractors Tbk",https://market.bisnis.com/read/20260910/192/2003122/astra-asii-siapkan-capex-rp36-triliun-di-2026-untr-terima-rp15-triliun,"PT Astra International Tbk plans Rp36 trillion capex in 2026, allocating Rp15 trillion to PT United Tractors Tbk On 10 September 2026, PT Astra International Tbk announced a total capital expenditure of Rp36 trillion for the year. The plan splits into Rp15 trillion of maintenance capex, primarily directed to PT United Tractors Tbk for mining solution and heavy-equipment projects, and Rp21 trillion of strategic investment capex. By the end of the first half of 2026, PT Astra International Tbk had spent Rp11.7 trillion on strategic investments and Rp5.2 trillion on maintenance capex, with most of the investment portion used to complete PT United Tractors Tbk’s acquisition of PT Arafura Surya Alam.","Capital & Funding, Business Expansion, Mergers & Acquisitions, Neutral",neutral
2026-06-04T16:39:00,IHSG slides 1.7% as PT Chandra Asri Pacific tumbles 14.86%,https://market.bisnis.com/read/20260604/7/1978441/ihsg-ditutup-melemah-170-ke-5839-saham-tpia-hingga-pani-rontok,"IHSG slides 1.7% as PT Chandra Asri Pacific tumbles 14.86% The Jakarta Composite Index (IHSG) closed at 5,839.78 on June 4, 2026, down 1.70% (101.28 points) from its opening level of 5,919.56, with total market capitalization of Rp10,284.95 trillion. Among big‑cap stocks, PT Amman Mineral Internasional Tbk rose 5.74% to Rp3,500 and PT Telkom Indonesia (Persero) Tbk gained 1.75% to Rp2,900, while PT Chandra Asri Pacific fell 14.86% to Rp1,375, PT Pantai Indah Kapuk Dua Tbk dropped 4.80% to Rp6,450, and PT Astra International Tbk slipped 4.34% to Rp4,630. PT Bank Negara Indonesia (Persero) Tbk declined 4.20%, PT Barito Renewables Energy Tbk fell 3.85%, and PT Bank Rakyat Indonesia (Persero) Tbk decreased 3.10%. The decline occurred amid panic selling triggered by the rupiah slipping past the Rp18,000 per US$ threshold, pressuring all sectoral indices into the red, especially raw material and property sectors.","Currency & FX, Market Sentiment, Financial Metrics, Bearish",negative
2026-07-14T05:42:00,"Cermati recommends ADMR, ASII, and BRMS as top picks amid expectations of IHSG strength on 14 July 2026",https://investasi.kontan.co.id/news/cermati-rekomendasi-saham-pilihan-hari-ini-147-ihsg-berpotensi-menguat,"Cermati recommends ADMR, ASII, and BRMS as top picks amid expectations of IHSG strength on 14 July 2026 The article presents Cermati’s stock picks for 14 July 2026, highlighting PT Alamtri Minerals Indonesia Tbk (ADMR), PT Astra International Tbk (ASII) and PT Bumi Resources Minerals Tbk (BRMS) as potential gainers. It notes that the Jakarta Composite Index (IHSG) rose 1.92% to 6,037.84, breaking above its 20‑day moving average and was supported by S&P Global Ratings’ decision to maintain Indonesia’s credit rating with a stable outlook. The analyst projects the index could continue upward, with support at 5,986 and resistance at 6,057, while a stronger rupiah at Rp 18,073 per USD adds positive sentiment. Recommended price ranges are Rp 1,595‑1,670 for ADMR, Rp 5,000‑5,250 for ASII, and Rp 590‑665 for BRMS.","Market Sentiment, Currency & FX, Bullish",positive
2026-07-02T00:25:00,"Foreign investors net sold Rp 577.79 billion on Wednesday, with PT Bank Rakyat Indonesia Tbk leading the list",https://investasi.kontan.co.id/news/asing-lanjut-net-sell-rp-577-miliar-cek-saham-yang-banyak-dijual-asing-rabu-27,"Foreign investors net sold Rp 577.79 billion on Wednesday, with PT Bank Rakyat Indonesia Tbk leading the list Foreign investors recorded a net sell of Rp 577.79 billion across the Indonesian market on Wednesday, highlighting the most heavily sold stocks. Despite this pressure, the Indeks Harga Saham Gabungan (IHSG) closed up 0.92% at 5,695.11 points, with a total volume of 18.68 billion shares worth Rp 10.28 trillion. The top ten net‑sell stocks were PT Bank Rakyat Indonesia Tbk (Rp 352.4 billion), PT Bank Mandiri Tbk (Rp 246.68 billion), PT Chandra Asri Pacific Tbk (Rp 92.65 billion), PT Bank Negara Indonesia Tbk (Rp 73.7 billion), PT Astra International Tbk (Rp 32.28 billion), PT Bumi Resources Tbk (Rp 22.9 billion), PT Sumber Alfaria Trijaya Tbk (Rp 17.49 billion), PT Charoen Pokphand Indonesia Tbk (Rp 16.04 billion), PT Perusahaan Gas Negara Tbk (Rp 12.53 billion) and PT Telkom Indonesia Tbk (Rp 10.94 billion). The foreign sell‑off persisted even as the broader market showed a rebound.","Foreign Investment, Bearish",negative
2026-07-18T06:44:00,UBS Sekuritas dominates buying and selling activity among blue‑chip stocks on 17 July 2026,https://investasi.kontan.co.id/news/daftar-broker-pembeli-penjual-blue-chip-17-juli-2026-ubs-sekuritas-disorot,"UBS Sekuritas dominates buying and selling activity among blue‑chip stocks on 17 July 2026 The article reports broker activity for Indonesia's blue‑chip stocks on 17 July 2026, highlighting UBS Sekuritas. Foreign investors recorded a net purchase of Rp638.0 billion in value while net selling volume reached 459.9 million shares, and total market turnover was Rp16.3 trillion. UBS Sekuritas was the largest buyer for BBCA (50.5 million shares, Rp322.3 billion), TLKM (40.4 million shares, Rp106.4 billion), BBNI (13.5 million shares, Rp48.4 billion) and UNTR (1.1 million shares, Rp28.4 billion), and also the top seller for BBCA and ICBP, appearing in six of the twenty broker‑stock rows. Other brokers such as Mandiri Sekuritas (buyer for AMMN and ICBP) and Maybank Sekuritas (seller for AMMN and BBNI) were mentioned, covering the full set of blue‑chip companies BBCA, BBRI, BMRI, AMMN, TLKM, ASII, BRPT, BBNI, UNTR and ICBP.",Foreign Investment,neutral
2026-09-25T17:16:00,Directors and Commissioner of PT Astra International Tbk (ASII) Increase Shareholdings in September 2026,https://emitennews.com/news/saham-astra-international-asii-diborong-direksi-hingga-komisaris,"Directors and Commissioner of PT Astra International Tbk (ASII) Increase Shareholdings in September 2026 PT Astra International Tbk (ASII) disclosed that its directors and commissioner collectively increased their shareholdings between 21 and 24 September 2026. CEO Rudy bought 4.4 million shares at Rp4,820 and Rp4,790 for about Rp21.14 billion, raising his stake to 5.6 million shares; Thomas Junaidi Alim purchased 250,000 shares at Rp4,762, lifting his holding to 1,657,800 shares (0,0041% voting rights); Djap Tet Fa added 500,000 shares at Rp4,769 for roughly Rp2.38 billion, and Commissioner Prijono Sugiarto bought 8,700 shares.","Ownership, Bullish",positive
2026-09-25T14:25:24,Thomas Junaidi Alim W buy Shares of Astra International,https://www.idx.co.id/StaticData/NewsAndAnnouncement/ANNOUNCEMENTSTOCK/From_KSEI/LK-25092026-1259-00.pdf-0.pdf,"Thomas Junaidi Alim W buy Shares of Astra International Thomas Junaidi Alim W, an insider of Astra International, purchased 250,000 shares at IDR 4,762 per share on Sept 23, 2026, for a total of IDR 1,190,500,000, raising his stake to 1,657,800 shares (approximately 0.004% of the company). The buy adds to a series of insider purchases at Astra over the past six months, including multiple acquisitions by Prijono Sugiarto and a 4.4‑million‑share buy by Rudy on Sep 23, indicating continued accumulation by company insiders. The transaction was made for investment purposes.",Insider Trading,positive
2026-08-12T18:09:00,Performance of Four Conglomerate Issuers in the MSCI Global Standard Index: Who Posted Negative Growth?,https://emitennews.com/news/kinerja-4-emiten-konglo-di-indeks-utama-msci-siapa-yang-negatif,"Performance of Four Conglomerate Issuers in the MSCI Global Standard Index: Who Posted Negative Growth? The article reviews the Semester I 2026 financial results of the four conglomerate‑owned companies that remain in the MSCI Global Standard Index – PT Bank Central Asia Tbk (BBCA), PT Barito Pacific Tbk (BRPT), PT Astra International Tbk (ASII) and PT Bumi Resources Minerals Tbk (BRMS). BBCA, owned by Grup Djarum (the Hartono family), reported net profit of Rp29.5 trillion, a 1.8 % increase YoY, with consolidated credit disbursement reaching Rp1,036 trillion (+8 %) and non‑interest income up 11 %. BRPT, owned by the Prajogo Pangestu‑led Barito Group, posted net profit of US$190 million (≈Rp3.42 trillion), a 64.8 % decline YoY, while its revenue rose 76.1 % to US$5.68 billion, pressured by high integrated operating costs and petrochemical margin volatility. The article notes that ASII and BRMS are also part of the four conglomerate issuers but does not provide detailed profit figures for them. The analysis follows the MSCI May 2026 review that reduced the index constituents from 17 to 11 companies, highlighting the negative performance of BRPT among the conglomerate group.","Global Index, Financial Metrics, Bearish",negative
2026-09-01T21:30:00,"BBRI, BBCA, and BMRI Lead IHSG Higher to 6,599.94 on Strong Foreign Buying",https://market.bisnis.com/read/20260901/7/2000607/bank-jumbo-bbri-bbca-bmri-pimpin-top-leaders-ihsg-dekati-6600,"BBRI, BBCA, and BMRI Lead IHSG Higher to 6,599.94 on Strong Foreign Buying The Jakarta Composite Index (IHSG) rose 1.14% to close at 6,599.94 on September 1, 2026, led by the three largest state-owned banks. PT Bank Rakyat Indonesia (Persero) Tbk (BBRI) surged 4% and contributed 18.97 index points, attracting Rp838 billion in foreign net buying. PT Bank Central Asia Tbk (BBCA) gained 1.93% with an 11.3-point contribution and Rp435.4 billion in foreign net buying, while PT Bank Mandiri (Persero) Tbk (BMRI) advanced 2.13% for 7.35 points and Rp172.3 billion in foreign inflows. Other notable contributors included PT Bumi Resources Tbk (BUMI), PT Astra International Tbk (ASII), and PT Global Digital Niaga Tbk (BELI), which jumped 24.43%. Market breadth was positive with 420 advancers versus 233 decliners, amid domestic inflation and trade data releases.","Foreign Investment, Market Sentiment, Inflation, Bullish",positive
2026-08-03T10:09:44,"Astra International reports first‑half 2026 net profit of Rp12.53 trillion, down 19.2% YoY",https://www.cnbcindonesia.com/market/20260803091314-17-755924/semester-i-2026-laba-astra-internasional--asii--rp1253-triliun,"Astra International reports first‑half 2026 net profit of Rp12.53 trillion, down 19.2% YoY PT Astra International Tbk. disclosed its first‑half 2026 results, showing net profit attributable to the parent of Rp12.53 trillion. Revenue fell 3.0% to Rp157.9 trillion while cost of goods sold declined 2.0%, leaving gross profit of Rp32.45 trillion, down 6.8% year‑on‑year. Operating expenses rose, with sales expense up 18.6% to Rp6,617 trillion and general‑administrative expense up 13.2% to Rp11,418 trillion, contributing to a pre‑tax profit drop of 30.3% to Rp16.73 trillion. Net profit after tax fell 31.5% to Rp13.34 trillion, though other comprehensive income surged 739% to Rp3.81 trillion driven by foreign‑currency translation gains and cash‑flow‑hedge gains, and total assets increased to Rp514.5 trillion.","Financial Metrics, Bearish",negative
2026-07-24T08:39:00,Today's Stock Recommendations as the IHSG Slightly Weakens,https://finance.detik.com/bursa-dan-valas/d-8587924/rekomendasi-saham-hari-ini-saat-ihsg-melemah-tipis,"Today's Stock Recommendations as the IHSG Slightly Weakens The article offers stock recommendations and market commentary as Indonesia's composite index (IHSG) fell modestly, closing at 6,315.31, down 0.30%, with large‑cap stocks BBCA, ASII and TLKM leading the decline while MPRO, BUMI and AMMN posted gains. It highlights GPSO’s expansion under the control of Tjokro Group, reporting H1‑2026 revenue of Rp732.90 billion (+17%) and net profit of Rp77.60 billion (+9.1%). It also details AKRA’s interim dividend of Rp50 per share, equal to about 70.14% of H1‑2026 profit and yielding roughly 3.55% based on the closing price of Rp1,410.","Analyst Ratings, Dividend Announcement, Business Expansion, Financial Metrics, Bullish",positive
2026-07-17T06:43:41,PT Astra International Tbk schedules Rp 8 trillion share buyback at extraordinary shareholders meeting,https://investor.id/market/446846/saham-salah-harga-siap-diborong-rp-8-triliun,"PT Astra International Tbk schedules Rp 8 trillion share buyback at extraordinary shareholders meeting PT Astra International Tbk will hold an extraordinary shareholders meeting on 17 July 2026 to seek approval for a share buyback programme of up to Rp 8 trillion. The agenda includes authorising the transfer of shares from a prior buyback and approving the new buyback, which will run from 20 July 2026 to 16 July 2027. Following the announcement, Astra’s stock jumped 5.15% to Rp 5,100, while foreign investors recorded a net sell of Rp 122.58 billion on the day and Rp 2.28 trillion over the past three months; the company’s PBV is 0.89× and PER 8.82×. Mandiri Sekuritas maintains a buy rating with a target price of Rp 7,000, indicating a potential 37.25% upside and reinforcing the view that the shares are mispriced.","Stock Buyback, Shareholders General Meeting, Analyst Ratings, Foreign Investment, Market Sentiment, Bullish",positive
2026-07-03T17:37:00,"Analysts recommend KLBF, SMGR, ASII, UNVR, and INTP amid declining Indonesia manufacturing PMI",https://investasi.kontan.co.id/news/penurunan-level-pmi-manufaktur-warning-bagi-emiten-ini-saham-rekomendasi-analis,"Analysts recommend KLBF, SMGR, ASII, UNVR, and INTP amid declining Indonesia manufacturing PMI Indonesia's manufacturing PMI slipped to 46.9 in June 2026, indicating a short‑term sector contraction. Mirae Asset Sekuritas analyst Nafan Aji Gusta and Indo Premier Sekuritas analyst Brigita Kinari note that the slowdown could pressure margins of manufacturers, especially those dependent on imported inputs. They recommend buying consumer‑staples stock KLBF with a target of Rp1,200 and cement producer SMGR with a target of Rp1,800, citing SMGR's 4% YoY volume growth versus INTP's 6% decline. They also add Astra International (ASII) at Rp5,225, Unilever Indonesia (UNVR) at Rp2,100, and accumulate INTP at Rp4,690. The analysts cite inflation of 3.34% YoY, rupiah depreciation and falling oil prices as broader cost pressures affecting the outlook.","Analyst Ratings, Inflation, Currency & FX, Market Sentiment, Bullish",neutral
2026-08-05T19:43:00,Assessing Conglomerate Stock Prospects After First‑Half 2026 Performance,https://investasi.kontan.co.id/news/menakar-prospek-saham-konglomerat-usai-rilis-kinerja-semester-i-2026,"Assessing Conglomerate Stock Prospects After First‑Half 2026 Performance The article evaluates the outlook of Indonesian conglomerate‑listed stocks following their first‑half 2026 results. PT Indofood Sukses Makmur Tbk reported revenue of Rp 65.53 trillion (+9% YoY) but net profit fell 19% to Rp 4.72 trillion; PT PP London Sumatra Indonesia Tbk saw sales rise 16% YoY with net profit up 25% YoY; PT Barito Pacific Tbk posted a 71.6% revenue increase to US$5.69 billion while net profit dropped 64.8% to US$190 million; and PT Elang Mahkota Teknologi Tbk grew revenue 22.7% YoY to Rp 10.81 trillion yet recorded a loss of Rp 4.23 trillion. Other highlighted conglomerates include DCII, TOWR, BREN, AALI, SCMA, CUAN, DMAS, SUPA, BUMI, ICBP, ROTI, IMAS, ASII, UNTR, BSDE, BUKA, AUTO, BBCA, SRTG and TPIA, with analysts pointing to data‑center and digital‑infrastructure firms (DCII, TOWR), renewable‑energy player BREN, and plantation companies AALI and LSIP as having the strongest growth potential. Kiwoom Securities’ Liza Camelia Suryanata and Pilarmas Investindo’s Maximilianus Nico Demus each issued target‑price recommendations, notably ASII at Rp 6,580, INDF at Rp 8,420, ICBP at Rp 9,760, SRTG at Rp 2,850, BBCA at Rp 8,130 (Liza’s 12‑month target Rp 8,075), AUTO at Rp 3,270 and TPIA at Rp 3,190 per share. The analysts caution that margin pressure, funding costs, commodity‑price volatility and limited free‑float valuations could temper upside, but they expect conglomerates’ diversified business models to sustain resilience through 2026.","Analyst Ratings, Financial Metrics, Capital & Funding, Commodities, Market Sentiment, Neutral",neutral
2026-08-06T11:10:00,CGS International Sekuritas reports only 18% of covered issuers missed H1 2026 earnings targets and revises its top‑pick list,https://investasi.kontan.co.id/news/laba-emiten-semester-i-beri-sinyal-membaik-cgs-hanya-18-emiten-meleset-dari-target,"CGS International Sekuritas reports only 18% of covered issuers missed H1 2026 earnings targets and revises its top‑pick list CGS International Sekuritas said only 18% of its 40 covered issuers fell short of earnings expectations in the first half of 2026, the lowest share in three years. Net profit growth for the covered group accelerated from 3% year‑on‑year in Q1 to 26% year‑on‑year in Q2, driven by agriculture, oil & gas, technology (GOTO) and retail (MAPA). Banking profit growth rose from 11% to 14% YoY and consumer‑goods profit growth from 10% to 25% YoY, while CGS removed MYOR, BMRI and KLBF from its top‑pick list and added BFIN, UNVR and JPFA, keeping BBCA, BBNI, ASII, UNVR, EXCL, TINS, JPFA, MAPA, BFIN and WIIM as its current selections. Since their inclusion, MYOR fell 4%, BMRI 2% and KLBF rose 3%; CGS cautions that August’s FTSE index update, the 2027 budget draft and a new Bank Indonesia governor could affect market volatility.","Analyst Ratings, Financial Metrics, Central Bank, Government Policy, Market Sentiment, Bullish",positive
2026-07-06T08:25:00,Stock Recommendation Summary for 6 July 2026,https://www.bloombergtechnoz.com/detail-news/114005/rangkuman-rekomendasi-saham-hari-ini-6-juli-2026,"Stock Recommendation Summary for 6 July 2026 The article summarizes the stock recommendations issued on 6 July 2026. It notes that the Indonesia Composite Index (IHSG) closed at 5,875.78, down 0.35%, with a weekly low of 5,607.45, a weekly high of 5,942.77, a trading volume of 95.77 billion shares and a transaction value of Rp56.4 trillion across 7.31 million trades. The recommended equities are BUMI, PADI, AMMN, BRMS, BFIN, KOTA, BMRI, TINS, BUMI, ASII, DSSA, AVIA, NCKL, EMAS, ELSA, AVIA, JPFA, MLPL, PSAB, NCKL, EXCL, WIIM, BBTN, BBNI, BMRI, ENRG, BSDE, PGAS, BREN, GGRM and INCO. Financial‑sector, health‑sector and non‑primary consumer stocks were the main contributors to the index’s weakness, accounting for declines of 1.35%, 1.27% and 0.23% respectively over the week.",Analyst Ratings,neutral
2026-07-13T16:53:45,Indonesia's IHSG jumps 1.68% as S&P Global Ratings maintains credit outlook,https://www.cnbcindonesia.com/market/20260713155036-17-750452/breaking-news-ihsg-terbang-168-sp-pertahankan-outlook-ri,"Indonesia's IHSG jumps 1.68% as S&P Global Ratings maintains credit outlook Indonesia's composite stock index (IHSG) surged 1.68% to 6,023.83 after S&P Global Ratings kept the country's credit rating at BBB for the long term and A‑2 for the short term with a stable outlook. The rally involved 367 advancing, 282 declining and 316 unchanged stocks, with transaction volume reaching Rp10.38 trillion across 2.59 million trades. Foreign investors posted a net sell of Rp274.8 billion, led by PT Mitra Adiperkasa Tbk (Rp110.4 billion), PT Bank Central Asia Tbk (Rp94.5 billion) and PT Astra International Tbk (Rp42.6 billion). Net buying was dominated by PT Barito Pacific Tbk (Rp70.7 billion), PT Bumi Resources Minerals Tbk (Rp40.5 billion), PT Bank Rakyat Indonesia (Persero) Tbk (Rp18.8 billion), PT VKTR Teknologi Mobilitas Tbk (Rp18.4 billion) and PT Telkom Indonesia (Persero) Tbk (Rp15.1 billion).","Credit, Foreign Investment, Market Sentiment",neutral
2026-08-03T19:32:00,Analyst highlights strong first‑half 2026 earnings across LQ45 constituents and points to several stocks with upside potential through year‑end 2026,https://investasi.kontan.co.id/news/laba-emiten-lq45-moncer-analis-beberkan-deretan-saham-potensial-hingga-akhir-2026,"Analyst highlights strong first‑half 2026 earnings across LQ45 constituents and points to several stocks with upside potential through year‑end 2026 The analyst notes that most LQ45 constituents posted solid first‑half 2026 earnings, exceeding market expectations. PT Petrindo Jaya Kreasi Tbk posted the highest YoY net profit growth at 919.58% to US$19.78 million, followed by PT Indika Energy Tbk (354%) and PT Vale Indonesia Tbk (313.4%). Six constituents—PT Astra International Tbk, PT United Tractors Tbk, PT Indofood CBP Sukses Makmur Tbk, PT Indofood Sukses Makmur Tbk, PT Barito Pacific Tbk, and PT Kalbe Farma Tbk—recorded profit declines. Strong performance also came from CPIN (95.1% YoY to Rp 3.7 trillion), UNVR (37.7% YoY to Rp 2.97 trillion), MAPI (26.49% YoY to Rp 1.21 trillion), GOTO (net profit Rp 607.48 billion), ISAT (84.5% YoY to Rp 4.3 trillion), BMRI (24.4% YoY to Rp 30.4 trillion) and INCO, NCKL, HRTA with notable gains. The analyst projects that these and other LQ45 stocks remain attractive through the end of 2026, supported by domestic consumption recovery and anticipated monetary easing.","Analyst Ratings, Financial Metrics, Market Sentiment, Bullish",positive
2026-09-04T07:07:00,"IHSG outlook driven by Fed rate expectations and technical breakout targeting 6,724, with BRI Danareksa recommending BBCA, LSIP, and ARCI.",https://market.bisnis.com/read/20260904/189/2001283/ihsg-dipengaruhi-ekspektasi-the-fed-peluang-ke-6724,"IHSG outlook driven by Fed rate expectations and technical breakout targeting 6,724, with BRI Danareksa recommending BBCA, LSIP, and ARCI. The Jakarta Composite Index (IHSG) faces a pivotal week as its short-term direction hinges on U.S. Federal Reserve policy expectations ahead of key labor data. On Thursday, the IHSG surged 1.09% to 6,667.89, supported by Rp1.07 trillion in net foreign buying and gains in large-cap stocks including BBCA, ASII, BMRI, AMMN, CPIN, and BBRI. Technically, the index broke above resistance at 6,650, opening a path toward 6,724 if it holds above that level, with immediate support at 6,550. BRI Danareksa Sekuritas analyst Reza Diofanda issued buy recommendations on BBCA with a target of 6,820–6,975, LSIP targeting 1,670–1,700, and ARCI targeting 1,360–1,400.","Interest Rate, Central Bank, Market Sentiment, Analyst Ratings, Foreign Investment, Bullish",positive
2026-07-17T14:24:03,Astra International (ASII) Receives Shareholder Approval for Up to Rp 8 Trillion Buyback,https://investor.id/market/446918/astra-asii-kantongi-restu-buyback-saham-rp-8-triliun,"Astra International (ASII) Receives Shareholder Approval for Up to Rp 8 Trillion Buyback PT Astra International Tbk obtained shareholder approval at an extraordinary general meeting on 17 July 2026 to repurchase its shares with a maximum value of Rp 8 trillion, in accordance with OJK Regulation No. 29/2023. The board was also authorized to set the buyback price and to execute the transaction, excluding brokerage and other related costs. Additionally, up to 100 million treasury shares from the third‑phase buyback (16 March–15 June 2026) will be transferred to support a Management Stock Ownership Program. The initiative is intended to optimise Astra's capital structure and strengthen the alignment of management interests with shareholders.","Stock Buyback, Shareholders General Meeting, Capital & Funding, Ownership, Bullish",positive
2026-08-23T13:33:00,PT Chandra Asri Pacific Tbk signs agreement to acquire Cycle & Carriage’s Singapore‑Malaysia dealer business for USD207 million,https://emitennews.com/news/ambisi-prajogo-tpia-merebut-bisnis-dealer-pengendali-astra-asii,"PT Chandra Asri Pacific Tbk signs agreement to acquire Cycle & Carriage’s Singapore‑Malaysia dealer business for USD207 million PT Chandra Asri Pacific Tbk (TPIA) signed a Conditional Sales and Purchase Agreement to acquire the Singapore and Malaysia dealer business of Cycle & Carriage. The transaction is valued at USD207 million, includes a maximum earn‑out of USD23 million, assumes USD260 million of debt, is financed by Mizuho Bank and is targeted to close by 28 February 2027. Cycle & Carriage is a business owned by Jardine Cycle & Carriage, which is the controlling shareholder (50.1%) of PT Astra International Tbk, and the deal will transfer net tangible assets of about USD292 million, of which roughly 90 % is a receivable from Cycle & Carriage to Jardine. The acquisition is projected to add USD150‑200 million of additional profit per year to TPIA’s mobility segment.","Mergers & Acquisitions, Asset Purchase, Capital & Funding, Business Expansion, Foreign Investment, Bullish",positive
2026-06-16T18:47:00,"Indonesian issuers launch jumbo share buybacks, led by PT Astra International Tbk, PT Telkom Indonesia Tbk, PT Bank Rakyat Indonesia Tbk and PT Trimegah Bangun Persada Tbk",https://investasi.kontan.co.id/news/sederet-emiten-gelar-buyback-saham-bernilai-jumbo-mana-yang-menarik-dicermati,"Indonesian issuers launch jumbo share buybacks, led by PT Astra International Tbk, PT Telkom Indonesia Tbk, PT Bank Rakyat Indonesia Tbk and PT Trimegah Bangun Persada Tbk Several listed companies on the Indonesia Stock Exchange announced large‑scale share buyback programmes, with PT Astra International Tbk allocating about Rp 8 trillion and PT Telkom Indonesia Tbk planning Rp 4 trillion. PT Bank Rakyat Indonesia Tbk disclosed a maximum buyback size of Rp 500 billion, while PT Trimegah Bangun Persada Tbk set aside roughly Rp 1 trillion for its programme. Analysts from Panin Sekuritas and BRI Danareksa highlighted these buybacks as positive signals of management confidence, noting potential EPS uplift and support for share price stability. The analysts recommended the highlighted issuers, giving target price ranges of Rp 5,200‑5,500 for Astra, Rp 3,300 for Telkom, Rp 3,300‑3,500 for BRI and Rp 1,200 for Trimegah Bangun Persada.","Stock Buyback, Analyst Ratings, Capital & Funding, Bullish",positive
2026-07-19T18:00:00,PT Astra International Tbk receives shareholder approval for up to Rp8 trillion share buyback and 100 million‑share MSOP transfer,https://www.idnfinancials.com/id/news/66258/astra-dapat-restu-buyback-saham-rp8-triliun-dan-rencana-esop,"PT Astra International Tbk receives shareholder approval for up to Rp8 trillion share buyback and 100 million‑share MSOP transfer PT Astra International Tbk obtained shareholder approval to repurchase up to Rp8 trillion of its shares. The approval was granted at an extraordinary general meeting on 17 July and follows OJK Regulation No. 29/2023. Shareholders also authorized the transfer of up to 100 million treasury shares from the third‑phase buyback (16 Mar‑15 Jun 2026) to a Management Share Ownership Program. The Nomination and Remuneration Committee may set the transfer price and the board may take necessary actions, with no lock‑up restriction on the transferred shares.","Stock Buyback, Shareholders General Meeting, Politics & Regulation, Capital & Funding, Bullish",positive
2026-09-23T17:00:00,PT Astra International Tbk (ASII) realizes Rp17 trillion capex in H1 2026.,https://www.idnfinancials.com/id/news/69314/asii-merealisasikan-capex-rp17-triliun-pada-semester-satu-2026,"PT Astra International Tbk (ASII) realizes Rp17 trillion capex in H1 2026. PT Astra International Tbk (ASII) has realized about Rp17 trillion in capital expenditure (capex) for the first half of 2026, representing roughly 47.2% of its annual capex budget of Rp36 trillion. The realized capex is being used to fund PT United Tractors Tbk (UNTR)’s acquisition of the gold mine PT Arafura Surya Alam. With the Rp17 trillion spend, ASII still has approximately Rp19 trillion of capex remaining for the rest of 2026, and the group’s total capex for the year is projected at Rp35.6 trillion. The three core business segments continue to contribute about 89% of Astra’s net profit and revenue, underscoring the focus of the capex allocation. On the day of the announcement, ASII shares fell 0.63% to Rp4,750, marking a 2.46% decline over five days and a 30.15% drop since the start of 2026.","Capital & Funding, Asset Purchase, Market Sentiment, Bearish",neutral
2026-06-02T23:59:59,PT Merdeka Gold Resources Tbk (EMAS) joins Global Junior Gold Miners Index and lifts 2026 production outlook,https://investasi.kontan.co.id/news/masuk-indeks-global-merdeka-gold-emas-disebut-diincar-asing,"PT Merdeka Gold Resources Tbk (EMAS) joins Global Junior Gold Miners Index and lifts 2026 production outlook PT Merdeka Gold Resources Tbk (EMAS) recorded early 2026 production of 1,818 ounces of gold with sales of 516 ounces and set a 2026 production target of 100,000–115,000 ounces as it transitions to commercial operation. The company secured a US$150 million unsecured banking facility from Bank Central Asia, CIMB Niaga, Danamon, Kasikornbank and Bank Maspion and signed a two‑year off‑take agreement with PT Aneka Tambang Tbk (ANTM) for roughly 100,000 ounces per year. Inclusion in the VanEck Global Junior Gold Miners Index is expected to draw about US$86 million of passive inflows, and Astronacci International reiterated a buy recommendation with a target price of Rp 10,000 per share (PBV 2.0×). An affiliate equipment‑rental transaction between PT Merdeka Mining Indonesia and PT Batutua Tembaga Raya valued at Rp 39.37 billion was disclosed but classified as non‑material under OJK rules.","Capital & Funding, Analyst Ratings, Global Index, Commodities, Business Expansion, Bullish",positive
2026-09-10T16:10:00,Astra International (ASII) Projects H2 2026 Earnings Recovery on Mining Rebound and Martabe Gold Mine Restart; ASII and Subsidiary United Tractors (UNTR) Announce Share Buybacks,https://www.bloombergtechnoz.com/detail-news/121172/sinyal-pemulihan-kinerja-astra-asii-semester-ii-2026,"Astra International (ASII) Projects H2 2026 Earnings Recovery on Mining Rebound and Martabe Gold Mine Restart; ASII and Subsidiary United Tractors (UNTR) Announce Share Buybacks Astra International (ASII) management expects a financial and operational recovery in the second half of 2026, driven by a rebound in the mining solutions and heavy equipment segment following the restart of the Martabe gold mine in May 2026 and an anticipated increase in coal mining work plans and budgets (RKAB). The automotive and financial services segments are projected to remain resilient throughout 2026. ASII reported a first-half 2026 net profit of Rp12.5 trillion on consolidated revenue of Rp157.9 trillion. Its subsidiary PT United Tractors Tbk (UNTR) posted a sharp 88.2% year-on-year decline in first-half net profit to Rp956.28 billion, with revenue falling 15% to Rp58.29 trillion, primarily due to lower gold sales at PT Agincourt Resources and weaker coal mining performance linked to a reduced national coal RKAB allocation. Both companies announced share buyback programs: ASII up to Rp8 trillion for 12 months approved on July 17, 2026, and UNTR up to Rp2 trillion for three months. Analysts at Stockbit believe UNTR can recover significantly in H2 2026 and that ASII still has a chance to meet the consensus full-year net profit estimate of around Rp29 trillion.","Stock Buyback, Subsidiaries, Financial Metrics, Commodities, Analyst Ratings, Bullish",positive
2026-06-11T06:23:00,"Astra International plans up to Rp8 trillion share buyback, seeking shareholder approval on July 17",https://emitennews.com/news/astra-asii-siap-buyback-rp8-triliun-izin-investor-17-juli,"Astra International plans up to Rp8 trillion share buyback, seeking shareholder approval on July 17 Astra International (ASII) announced it will conduct a share buyback of up to Rp8 trillion. The repurchase will be funded from internal cash, will not exceed 10 % of paid‑up capital and will keep the free‑float above 15 %. Shareholder approval is to be obtained at an extraordinary general meeting on 17 July 2026, with the program running from 20 July 2026 to 16 July 2027. Astra says the buyback is intended to enhance long‑term shareholder value and is not expected to materially affect its operational performance or earnings.","Stock Buyback, Shareholders General Meeting, Capital & Funding, Bullish",positive
2026-09-24T08:59:00,"Two PT Astra International Tbk (ASII) executives, Prijono Sugiarto and Rudy, make insider purchases, with Rudy acquiring about Rp21.14 billion of ASII shares",https://market.bisnis.com/read/20260924/7/2006787/dua-petinggi-astra-prijono-sugiarto-rudy-borong-saham-asii-rp21-miliar,"Two PT Astra International Tbk (ASII) executives, Prijono Sugiarto and Rudy, make insider purchases, with Rudy acquiring about Rp21.14 billion of ASII shares PT Astra International Tbk (ASII) disclosed that two senior executives increased their shareholdings through direct market purchases. Komisaris Utama Prijono Sugiarto bought 8,700 shares at Rp4,850 each on 21 September 2026, spending about Rp42.19 million and raising his stake from 5,587,100 to 5,595,800 shares (0,0138% of the company). Director Rudy accumulated 4.4 million shares in two stages—2.2 million at Rp4,820 on 21 September and another 2.2 million at Rp4,790 on 22 September—totaling roughly Rp21.14 billion. His holding grew from 1.2 million to 5.6 million shares, also representing about 0,0138% of voting rights, marking a significant insider stake increase.","Insider Trading, Ownership, Bullish",positive
2026-07-26T17:41:00,"Kompas100 Index Outperforms IHSG Over the Past Month, Analysts Recommend Several Stocks",https://investasi.kontan.co.id/news/indeks-kompas100-ungguli-ihsg-sebulan-terakhir-cek-rekomendasi-sahamnya,"Kompas100 Index Outperforms IHSG Over the Past Month, Analysts Recommend Several Stocks Over the past month the IDX Kompas100 index rose 6.10% to 811.09, outpacing the IDX Composite (IHSG) which gained 5.09% to 6,196.43. Despite both indices being down year‑to‑date (Kompas100 –32.70%, IHSG –29.17%), analysts argue the high‑liquidity, large‑cap constituents of Kompas100 give it stronger upside potential. Analysts from BRI Danareksa Sekuritas and Sekolah Saham Indonesia recommend accumulating several Kompas100 constituents, naming BBCA, BBRI, BMRI, BBNI, JSMR, KLBF, PGEO, TLKM, UNVR, AKRA, ACES, ESSA, ISAT, INKP, TPIA, DSSA, AMMN, ANTM and ASII. Specific price targets are set at Rp 10,900 for BBCA, Rp 6,200 for BMRI, Rp 4,900 for ANTM, Rp 3,750 for TLKM, Rp 6,850 for ASII, and lower‑range targets of Rp 7,300 for BBCA, Rp 5,000 for BMRI, Rp 2,700 for TPIA, Rp 1,150 for DSSA and Rp 5,200 for AMMN. The analysts cite expected Fed rate cuts, a stable rupiah, discounted valuations and strong sector fundamentals as upside drivers, while warning that global geopolitical tensions and commodity price swings could limit further gains.","Analyst Ratings, Market Sentiment, Bullish",neutral
2026-09-10T12:15:00,Astra International Maintains 45-50% Dividend Payout Ratio Despite First-Half Profit Decline,https://market.bisnis.com/read/20260910/192/2003029/astra-asii-pertahankan-payout-ratio-dividen-hingga-50,"Astra International Maintains 45-50% Dividend Payout Ratio Despite First-Half Profit Decline PT Astra International Tbk committed to maintaining a dividend payout ratio of 45% to 50% of recurring net profit, reaffirming the policy at its Public Expose Live 2026 on September 10, 2026. The pledge comes after consolidated net profit fell 19% year-on-year to Rp12.5 trillion in the first half of 2026, though underlying profit excluding Rp2.4 trillion in non-recurring items declined only 7% to Rp14.9 trillion. The profit pressure stemmed from weaker contributions from its subsidiary PT United Tractors Tbk, where the Martabe gold mine suspension and national coal quota cuts reduced mining and heavy equipment earnings. Astra also launched a new Rp8 trillion share buyback program for the next 12 months, approved by an extraordinary general meeting in July 2026.","Dividend Announcement, Stock Buyback, Financial Metrics, Bearish",positive
2026-07-17T18:34:00,Astra International receives shareholder approval for up to Rp 8 trillion share buyback,https://investasi.kontan.co.id/news/astra-international-asii-dapat-restu-buyback-rp-8-triliun-cek-rekomendasi-sahamnya,"Astra International receives shareholder approval for up to Rp 8 trillion share buyback Astra International obtained shareholder approval on 17 July 2026 to repurchase its own shares for a maximum of Rp 8 trillion. The extraordinary shareholders meeting also authorized the transfer of up to 100 million shares for the Management Share Ownership Program and gave the board authority to set the buyback price. Analyst Adrian Djie of Kiwoom Sekuritas Indonesia said the program will not strain Astra’s capital position, citing Q1 2026 revenue of Rp 78.66 trillion (‑5.63% YoY) and net profit of Rp 5.85 trillion (‑15.61% YoY), and he recommended a buy with a short‑term target of Rp 5,300 as the stock trades at Rp 5,100, down 23.88% YTD. In June 2026 the company sold 40,235 vehicles, up 3.8% month‑on‑month and 37% year‑on‑year, providing additional upside to the outlook.","Stock Buyback, Shareholders General Meeting, Analyst Ratings, Bullish",positive
2026-07-03T19:16:00,IHSG ends week green as foreign investors heavily buy BBCA and BMRI,https://money.kompas.com/read/2026/07/03/191638126/ihsg-akhiri-pekan-menghijau-investor-asing-borong-bbca-dan-bmri,"IHSG ends week green as foreign investors heavily buy BBCA and BMRI The Jakarta Stock Exchange (IHSG) closed up 2.28% at 5,876, ending the week in the green as foreign investors accumulated shares of PT Bank Central Asia Tbk (BBCA) and PT Bank Mandiri (Persero) Tbk (BMRI). Foreign investors recorded a net sell of Rp 17 billion across the market but posted net purchases of Rp 194 billion in BBCA and Rp 64 billion in BMRI, making them the top‑gaining issuers. At the same time, they sold Rp 252 billion of PT Bank Rakyat Indonesia (Persero) Tbk (BBRI) and also divested from PT Mitra Adiperkasa Tbk (MAPI), PT Chandra Asri Pacific Tbk (TPIA), PT Merdeka Gold Resources Tbk (EMAS), PT Indosat Ooredoo Hutchison Tbk (ISAT), while smaller net purchases were recorded in PT Dian Swastatika Sentosa Tbk (DSSA), PT Bumi Resources Tbk (BUMI) and PT Astra International Tbk (ASII). Trading volume reached 18,147 billion shares worth Rp 10,544 trillion, with 494 stocks advancing, 154 declining and 139 unchanged.","Foreign Investment, Market Sentiment, Bullish",positive
2026-07-19T13:19:00,"IHSG Remains Shadowed by Hormuz Closure, Energy Stocks Poised for Attention",https://investasi.kontan.co.id/news/ihsg-kembali-dibayangi-penutupan-selat-hormuz-saham-energi-berpotensi-curi-perhatian,"IHSG Remains Shadowed by Hormuz Closure, Energy Stocks Poised for Attention The article discusses how Iran’s closure of the Strait of Hormuz on 12 July 2026 continues to weigh on Indonesia’s stock market despite the IHSG closing at 6,175.53, up 1.10% on 17 July and gaining 4.24% over the week. Kiwoom Securities notes that higher Brent crude, now around US $84 per barrel (+12%), could pressure the rupiah, inflation and energy subsidies, while Indonesia’s shift of crude imports to the United States and Nigeria and 70 % of LPG imports from the United States mitigates supply‑shortage risk. The research team recommends several energy‑related issuers as potential beneficiaries, naming PT Medco Energi Internasional Tbk, PT Energi Mega Persada Tbk and PT Elnusa Tbk, as well as coal producers PT Adaro Andalan Indonesia Tbk, PT Bukit Asam Tbk, PT Indo Tambangraya Megah Tbk and PT Bumi Resources Tbk. Conversely, they flag PT Garuda Indonesia (Persero) Tbk, PT Chandra Asri Pacific Tbk, PT Barito Pacific Tbk, PT Semen Indonesia Tbk, PT Indocement Tunggal Prakarsa Tbk and consumer‑sector issuers such as ICBP, INDF, MYOR, AMRT, MAPI, ACES and ASII as vulnerable to higher energy and logistics costs. Overall, the commentary suggests that while the Hormuz tension remains a negative sentiment, market participants are selectively weighing sector exposure rather than initiating a broad sell‑off.","Commodities, Currency & FX, Market Sentiment, Inflation, Neutral",neutral
2026-08-21T10:48:00,"PT Chandra Asri Pacific Tbk to Acquire Cycle & Carriage, Gaining Mercedes‑Benz, Peugeot and Kia Licences in Singapore and Malaysia",https://market.bisnis.com/read/20260821/192/1997983/chandra-asri-tpia-bakal-pegang-merek-mercy-peugeot-hingga-kia-usai-akuisisi-cycle-carriage,"PT Chandra Asri Pacific Tbk to Acquire Cycle & Carriage, Gaining Mercedes‑Benz, Peugeot and Kia Licences in Singapore and Malaysia PT Chandra Asri Pacific Tbk is set to acquire Cycle & Carriage, which will give it the automotive brand licences for Mercedes‑Benz, Peugeot and Kia in Singapore and Malaysia. Cycle & Carriage, a subsidiary of Jardine Cycle & Carriage Ltd, currently holds those licences across the two markets. The transaction is priced at S$265 million (about US$207 million) and is expected to generate a US$221 million gain for Jardine Cycle & Carriage Ltd, while Cycle & Carriage contributed US$11.8 million profit in the first half of 2026, down from US$16.3 million in the same period of 2025 due to a 20% fall in new passenger‑car sales and a 16% drop in used‑car sales in Singapore. Jardine Cycle & Carriage Ltd is divesting the business to focus on its core markets in Indonesia through PT Astra International Tbk and in Vietnam, whereas PT Chandra Asri Pacific Tbk expands its automotive portfolio.","Mergers & Acquisitions, Business Expansion, Foreign Investment, Bullish",neutral
2026-07-19T20:15:00,"PT Astra International Tbk obtains shareholder approval for up to Rp8 trillion share buyback starting July 20, 2026",https://market.bisnis.com/read/20260719/7/1989203/astra-international-asii-raih-restu-pemegang-saham-buyback-rp8-triliun-besok,"PT Astra International Tbk obtains shareholder approval for up to Rp8 trillion share buyback starting July 20, 2026 PT Astra International Tbk received shareholder approval to repurchase its shares up to a total of Rp8 trillion, with the program slated to begin on 20 July 2026 and run until 16 July 2027. The extraordinary general meeting on 17 July 2026 approved the buyback under POJK No. 29/2023, allowing the purchase of up to 100 million shares, not exceeding 10 % of paid‑up capital while keeping the public free‑float above the 15 % minimum. Management projects the action will raise earnings per share from Rp146 to Rp149 and expects no material negative impact on operations, although assets and equity will each shrink by roughly Rp8 trillion to Rp509.8 trillion and Rp285.1 trillion respectively.","Stock Buyback, Shareholders General Meeting, Capital & Funding, Financial Metrics, Bullish",positive
2026-07-22T20:50:11,"Foreign investors dump five Indonesian stocks, with DSSA topping net sell on July 22, 2026",https://investor.id/market/447525/5-saham-diterpa-gelombang-besar-aksi-jual-asing,"Foreign investors dump five Indonesian stocks, with DSSA topping net sell on July 22, 2026 Foreign investors sold a net Rp 920.2 billion of shares on the Indonesia Stock Exchange on July 22, 2026, with PT Dian Swastatika Sentosa Tbk (DSSA) leading the wave at Rp 229.9 billion, followed by PT Bank Rakyat Indonesia Tbk (BBRI), PT Astra International Tbk (ASII), PT Amman Mineral Internasional Tbk (AMMN) and PT Chandra Asri Pacific Tbk (TPIA). Meanwhile, foreign investors net‑bought PT Timah Tbk (TINS) and PT Antam Tbk (ANTM), and Sucor Sekuritas maintained a buy rating on DSSA with a target price of Rp 990, citing its planned 35 % stake in PT Ketrosden Triasmitra Tbk (KETR) and a US$895 million geothermal joint venture with First Gen.","Foreign Investment, Analyst Ratings, Joint Venture, Bearish",neutral
2026-06-11T18:33:00,"Foreign Investors Net Buy BBCA, TLKM, TPIA and ANTM as IHSG Slightly Corrects",https://money.kompas.com/read/2026/06/11/183316926/ihsg-terkoreksi-tipis-asing-serok-saham-tlkm-bbca-tpia-hingga-antam,"Foreign Investors Net Buy BBCA, TLKM, TPIA and ANTM as IHSG Slightly Corrects The Jakarta Composite Index (IHSG) closed at 5,886, down 16 points (‑0.28%) in red territory on Thursday, 11 June 2026. Foreign investors recorded a net sell of Rp 262 billion, with the largest outflows in PT Bank Rakyat Indonesia (Persero) Tbk (BBRI) at Rp 204 billion, followed by PT Dian Swastatika Sentosa Tbk (DSSA) and PT Astra International Tbk (ASII). At the same time, they led net buying in PT Bank Central Asia Tbk (BBCA) with Rp 388 billion, PT Chandra Asri Pacific Tbk (TPIA) with Rp 97 billion, PT Telkom Indonesia (Persero) Tbk (TLKM) with Rp 73 billion, and PT Aneka Tambang Tbk (ANTM) with Rp 56 billion. Trading volume reached 33.65 billion shares (2.37 million trades) for a total value of Rp 22.27 trillion, while 419 stocks closed lower, 265 rose and 131 were unchanged.",Foreign Investment,neutral
2026-06-23T16:12:45,Prijono Sugiarto Buys Shares of Astra International,https://www.idx.co.id/StaticData/NewsAndAnnouncement/ANNOUNCEMENTSTOCK/From_KSEI/LK-23062026-5706-00.pdf-0.pdf,"Prijono Sugiarto Buys Shares of Astra International Insider Prijono Sugiarto purchased 200,000 Astra International (ASII.JK) shares on June 19 at IDR 4,787 per share, costing IDR 957.4 million and raising his holding to 4,501,300 shares (0.011% of the company). The buy adds 200,000 shares to his portfolio, with no change in ownership percentage. The transaction follows a series of insider purchases in March, where several executives and directors acquired millions of shares at prices between IDR 5,800 and 6,631, indicating continued insider confidence in the stock. The purchase is recorded as an investment.",Insider Trading,positive
2026-08-18T07:01:00,IHSG Likely to Brighten After Long Holiday as Analysts Forecast Upside and Recommend Select Stocks,https://www.cnnindonesia.com/ekonomi/20260818062643-92-1393391/ihsg-berpeluang-cerah-usai-libur-panjang,"IHSG Likely to Brighten After Long Holiday as Analysts Forecast Upside and Recommend Select Stocks The article forecasts that Indonesia’s composite stock index (IHSG) could continue its upward momentum after the recent long holiday. MNC Sekuritas analyst Herditya Wicaksana outlines best‑case targets of 6,440‑6,544 and worst‑case correction to 5,890‑6,192, with support at 6,201 and 6,029 and resistance at 6,454 and 6,599. Binaartha Sekuritas analyst Ivan Rosanova expects the index to break the internal resistance of 6,422 and aim for 6,545, citing support levels from 6,194 down to 5,887 and resistance up to 6,835. Both analysts recommend several equities, including AADI, ANTM, PGAS, VKTR, XMIG, ASII and BBNI, as potential beneficiaries of the projected rally. The index closed at 6,401 on 14 August, up 100.12 points (1.59 %) with trading volume of Rp12.44 trillion across 32.45 billion shares.","Analyst Ratings, Market Sentiment, Bullish",positive
2026-06-30T21:02:00,"Fitch Ratings flags heightened macro and regulatory risk for Indonesian issuers, with PT Indofood CBP Sukses Makmur Tbk highlighted",https://investasi.kontan.co.id/news/fitch-ratings-soroti-makroekonomi-dan-ketidakpastian-regulasi-ini-dampak-bagi-emiten,"Fitch Ratings flags heightened macro and regulatory risk for Indonesian issuers, with PT Indofood CBP Sukses Makmur Tbk highlighted Fitch Ratings' June 2026 Indonesia Credit Trends report notes that rising non‑subsidised fuel prices, a policy‑rate increase of 100 bps to 5.75% and an 8.8 % rupiah depreciation to around Rp 18,200 per USD raise credit risk for many Indonesian issuers. The analysis points to PT Indofood CBP Sukses Makmur Tbk, whose global bonds represent about 97 % of its debt and lack hedging, as a key example of high‑leverage exposure, and lists BSDE, PWON, ERAA, MAPI and ASII as the most vulnerable stocks. Conversely, BBCA, BBRI, BMRI, TLKM, ICBP, UNVR, INDF and ANTM are described as relatively resilient, with BBRI and BMRI offering dividend yields of 13.1 % and 12.9 % respectively and target prices of Rp 3,500 for BBRI, Rp 5,000 for BMRI, Rp 7,000 for BBCA, Rp 3,200 for TLKM, Rp 6,000 for ASII and Rp 3,500 for ANTM.","Analyst Ratings, Government Policy, Central Bank, Currency & FX, Bonds, Bearish",neutral
2026-08-20T07:01:25,IHSG Projected to Rise Today,https://www.cnnindonesia.com/ekonomi/20260820060431-92-1394234/ihsg-diramal-bangkit-hari-ini,"IHSG Projected to Rise Today The article forecasts that Indonesia's composite stock index (IHSG) could move higher on Thursday, 20 August, based on technical analysis. MNC Sekuritas analyst Herditya Wicaksana outlines a best‑case scenario targeting the 6,512‑6,544 area with support at 6,296 and 6,201, and a worst‑case correction to 6,056‑6,230, recommending the stocks ASII, ENRG, ICBP and MEDC. Binaartha Sekuritas analyst Ivan Rosanova sees upside to the Fibonacci resistance at 6,545 if the index stays above 6,267 and the 20‑day SMA, while a break below could signal a downtrend, and he recommends DEWA, KLBF, MBMA and MEDC. The index closed at 6,394 on 19 August, down 55.70 points (‑0.86 %), with trading volume of Rp 14.28 trillion across 36.01 billion shares, of which 238 stocks rose, 363 fell and 188 were unchanged.","Market Sentiment, Analyst Ratings",neutral
2026-09-02T07:28:30,"BRI Danareksa Sekuritas recommends PT Bank Mandiri, ASII and CUAN for trading on 2 September 2026",https://investor.id/market/452529/rekomendasi-saham-hari-ini-rabu-2-september-2026-bmri-asii-cuan,"BRI Danareksa Sekuritas recommends PT Bank Mandiri, ASII and CUAN for trading on 2 September 2026 BRI Danareksa Sekuritas issued buy recommendations for PT Bank Mandiri, ASII and CUAN ahead of the 2 September 2026 trading session. PT Bank Mandiri posted a consolidated net profit of Rp 30.4 trillion in the first half of 2026, up 24.4% YoY, and its share price is consolidating in the 4,100‑4,300 range with a potential breakout above the 4,375 resistance toward 4,460‑4,570. ASII’s price has rebounded from the 4,720‑4,830 support, broke the 4,884 MA20 level and could climb to 4,982‑5,043, while the company is preparing up to Rp 858.3 billion to increase its stake in PT Astra Otoparts Tbk through a voluntary tender offer. CUAN is trading near the 870 resistance after forming a higher low above its MA20, with a total purchase of Rp 36.6 billion at an average price of Rp 709.5 per share and a largest block of 16.17 million shares bought at Rp 710 on 11 August 2026.","Analyst Ratings, Financial Metrics, Mergers & Acquisitions, Bullish",positive
2026-07-14T09:03:00,"MNC Sekuritas recommends ADMR, ANTM, ASII and BRMS as IHSG targets the 6,083–6,254 range on Tuesday, 14 July 2026",https://market.bisnis.com/read/20260714/189/1987739/rekomendasi-saham-dan-pergerakan-ihsg-hari-ini-selasa-14-juli-2026,"MNC Sekuritas recommends ADMR, ANTM, ASII and BRMS as IHSG targets the 6,083–6,254 range on Tuesday, 14 July 2026 MNC Sekuritas issued a daily research note recommending four stocks as the Jakarta Composite Index (IHSG) is expected to advance toward the 6,083–6,254 range on Tuesday, 14 July 2026. The index closed up 1.92% at 6,037 on Monday, breaking the 6,000 psychological level after S&P Global Ratings maintained Indonesia’s sovereign credit rating. ADMR rose 3.45% to 1,500, ANTM gained 0.69% to 2,920, ASII increased 0.83% to 4,850, and BRMS climbed 4.95% to 530, each supported by buying volume and placed in early or mid wave phases of a triangle pattern per MNC Sekuritas. All four stocks remain above their 20‑day moving averages, with IHSG support at 5,839 and 5,607 and resistance at 6,286 and 6,599.","Analyst Ratings, Market Sentiment",positive
2026-09-03T18:41:38,"Foreign investors net buy Rp1 trillion, collectively snapping up PT Bank Mandiri Tbk and PT Bank Negara Indonesia Tbk shares",https://www.cnbcindonesia.com/market/20260903180536-17-764793/asing-net-buy-rp1-triliun-kompak-borong-saham-bmri-bbni,"Foreign investors net buy Rp1 trillion, collectively snapping up PT Bank Mandiri Tbk and PT Bank Negara Indonesia Tbk shares Foreign investors net bought about Rp1 trillion in Indonesian equities on Thursday, with state‑owned banks PT Bank Mandiri Tbk and PT Bank Negara Indonesia Tbk leading the inflows. The Jakarta Composite Index (IHSG) closed up 1.09% at 6,667.89 points on a trading volume of 40.79 billion shares and total transaction value of Rp18.64 trillion. PT Bank Mandiri Tbk recorded the largest net foreign purchase of Rp471.38 billion (foreign transaction value Rp1.04 trillion), PT Bank Negara Indonesia Tbk ranked seventh with a net foreign buy of Rp87.40 billion (total foreign transaction Rp176.42 billion), while PT Bank Central Asia Tbk, PT Charoen Pokphand Indonesia Tbk, PT Aneka Tambang Tbk, PT Alamtri Resources Indonesia Tbk, PT Chandra Asri Pacific Tbk, PT Erajaya Swasembada Tbk, PT Astra International Tbk and PT Dian Swastatika Sentosa Tbk each posted net foreign buys ranging from Rp57.20 billion to Rp207.10 billion. The inflows came amid positive domestic sentiment after the Bank Indonesia governor’s emphasis on economic stability, despite lingering global geopolitical tensions.","Foreign Investment, Central Bank, Market Sentiment, Bullish",positive
2026-07-26T08:10:00,"Top 10 weekly laggards, led by BMRI, BBCA and ASII, weigh on Indonesia's IHSG",https://market.bisnis.com/read/20260726/7/1991076/daftar-10-top-laggards-sepekan-bmri-bbca-hingga-asii-jadi-pemberat-utama-ihsg,"Top 10 weekly laggards, led by BMRI, BBCA and ASII, weigh on Indonesia's IHSG The article lists the ten stocks that most dragged down the Jakarta Composite Index (IHSG) during the week of 20‑24 July 2026. Bank Mandiri (BMRI) led the list, falling 7.81% and pulling the index down by 28.57 points, followed by Bank Central Asia (BBCA) down 3.09% contributing 17.65 points and Astra International (ASII) down 2.35% adding 4.89 points. Additional contributors were DCII (owned by Toto Sugiri) with 3.35 points, United Tractors (UNTR) 3.11 points, Mitra Sinerji (MSIN) 2.80 points, Telekomunikasi Indonesia (TLKM) 2.77 points, Film (FILM) 2.37 points, XL Axiata (EXCL) 2.17 points and BUVA (affiliated with Happy Hapsoro) 2.07 points. Despite these pressures, the IHSG closed the week up 0.34% at 6,196,430, while trading volume and value rose sharply and foreign investors recorded a net sell of Rp1.36 trillion on the final day.","Market Sentiment, Foreign Investment, Bearish",negative
2026-07-15T14:06:00,"Car sales rise 15.9% in H1 2026, analysts highlight ASII, AUTO, and DRMA as top automotive stocks",https://investasi.kontan.co.id/news/penjualan-mobil-di-semester-i-2026-naik-159-ini-saham-otomotif-pilihan-analis,"Car sales rise 15.9% in H1 2026, analysts highlight ASII, AUTO, and DRMA as top automotive stocks Indonesia’s wholesale car sales jumped 15.9% to 436,564 units in the January‑June 2026 period, according to Gaikindo. Analysts from Panin Sekuritas and Mirae Asset view the sales surge as a positive catalyst for automotive manufacturers and component makers. They recommend buying Astra International (ASII), Astra Otoparts (AUTO), and DRMA, setting long‑term price targets of IDR 6,000, IDR 3,300, and IDR 1,650 respectively, while Mirae Asset adds an ASII target of IDR 5,225. The analysts note that the outlook remains subject to interest‑rate movements, rupiah strength, commodity prices and competition from Chinese electric‑vehicle brands.","Analyst Ratings, Interest Rate, Currency & FX, Bullish",positive
2026-09-18T20:20:00,"Foreign outflow hits Rp1.79 trillion, with BBCA and BMRI leading net sells",https://www.idnfinancials.com/id/news/69078/outflow-asing-capai-rp1-79-triliun-bbca-dan-bmri-top-net-sell,"Foreign outflow hits Rp1.79 trillion, with BBCA and BMRI leading net sells On 18 September 2024, foreign investors recorded a net outflow of Rp1.78 trillion on the Indonesia Stock Exchange, with foreign buying rising to Rp7.04 trillion and selling to Rp8.81 trillion. The largest net‑sell positions were posted by PT Bank Central Asia Tbk (BBCA) with Rp222.05 billion (35.43 million shares) and PT Bank Mandiri (Persero) Tbk (BMRI) with Rp108.93 billion (25.45 million shares), followed by PT Telkom Indonesia (Persero) Tbk (TLKM), PT Amman Mineral Internasional Tbk (AMMN) and PT Bank Rakyat Indonesia (Persero) Tbk (BBRI). The top net‑buy positions were held by PT Aneka Tambang (Persero) Tbk (ANTM) at Rp41.09 billion (12.49 million shares), PT Astra International Tbk (ASII) at Rp22.40 billion (4.55 million shares), PT Adaro Andalan Indonesia Tbk (AADI) at Rp15.59 billion (1.27 million shares), PT Merdeka Copper Gold Tbk (MDKA) at Rp12.47 billion (4.28 million shares) and PT Merdeka Battery Materials Tbk (MBMA) at Rp10.48 billion (19.88 million shares). These figures show the breadth of foreign trading activity across major banks, telecom, mining and battery‑materials stocks.","Foreign Investment, Market Sentiment, Capital & Funding, Bearish",neutral
2026-07-02T12:20:00,Jardine Matheson appoints former INA CIO Christopher Ganis as Head of Indonesia,https://www.idnfinancials.com/id/news/65496/jardine-matheson-tunjuk-eks-cio-ina-pimpin-bisnis-di-indonesia,"Jardine Matheson appoints former INA CIO Christopher Ganis as Head of Indonesia Jardine Matheson appointed former Indonesia Investment Authority CIO Christopher Ganis as Head of Indonesia and Managing Director of Investments, effective 1 July 2026. Ganis previously served as Co‑Chief Investment Officer at INA since 2025 and earlier led Private Credit Indonesia at BlackRock. Jardine's principal Indonesian asset is PT Astra International Tbk, which it owns through its subsidiary Jardine Cycle & Carriage. About 35% of Astra’s profit derives from automotive, 28% from heavy equipment and mining, and 27% from financial services, highlighting the sectors the group aims to target with a more aggressive investment approach.","Executive Changes, Asset Management, Bullish",neutral
2026-07-03T07:21:27,IHSG Projected to Correct This Weekend,https://www.cnnindonesia.com/ekonomi/20260703060802-92-1376285/ihsg-diramal-koreksi-akhir-pekan-ini,"IHSG Projected to Correct This Weekend The article forecasts that Indonesia's composite index (IHSG) could experience a correction over the upcoming weekend. Technical analysts from MNC Sekuritas and Binaartha Sekuritas outline support zones around 5,317‑5,486 and 5,314‑5,722 respectively, with resistance levels extending up to 6,835, while noting the index closed at 5,744 on Thursday, up 49.43 points (0.87%). Trading activity the previous day totaled Rp11.13 trillion across 20.50 billion shares and 1.51 million transactions, with 395 stocks advancing, 219 declining and 169 unchanged. The analysts recommend the following stocks: ADMR, BRMS, RATU, INDF, AADI, AMRT, ASII, BUMI, and MEDC.","Analyst Ratings, Market Sentiment",neutral
2026-08-11T13:20:00,Astra International captures 50% of Indonesia’s car market as Toyota and Lexus lead its sales,https://emitennews.com/news/astra-asii-kuasai-50-pasar-mobil-nasional-toyota-lexus-dominan,"Astra International captures 50% of Indonesia’s car market as Toyota and Lexus lead its sales PT Astra International Tbk reported that its automotive group held an average 50% share of Indonesia’s passenger‑car market through July 2026. The group sold 261,440 vehicles from January to July 2026, an 11.9% year‑on‑year increase, with Toyota and Lexus models accounting for 156,336 units (up 8.4%). Daihatsu sales rose 17.2% to 87,670 units, while Astra’s low‑cost green‑car (LCGC) segment achieved a 78.8% average market share, peaking at 85% in June. National total car sales reached 517,726 units in the same period, underscoring Astra’s dominant position.","Business Expansion, Financial Metrics, Bullish",positive
2026-09-03T19:29:00,IHSG May Face Correction on Friday (4/9) – Projections and Stock Recommendations,https://investasi.kontan.co.id/news/ihsg-berpeluang-terkoreksi-jumat-49-simak-proyeksi-dan-rekomendasi-sahamnya,"IHSG May Face Correction on Friday (4/9) – Projections and Stock Recommendations The Indonesian composite index (IHSG) closed Thursday, 3 September 2026, at 6,667.89, up 1.09%, and analysts forecast a possible short‑term correction on Friday, 4 September. Analysts see support near 6,655 and resistance around 6,714, while another analyst expects the index to test 6,705 with resistance at 6,700 and support at 6,600. The report recommends buying ASII within 5,125–5,200, BMRI at 4,510–4,590, CDIA with entry 660–690 and target 735–765 (stop loss 630), and SMRA with entry 316–322 and target 336–344 (stop loss 310). It also highlights JPFA, PANI, CPIN, ANTM and ARCI as stocks to watch in the current market environment. Investors are cautioned about profit‑taking risk and are advised to monitor U.S. non‑farm payroll data and the upcoming OPEC+ meeting that could affect sentiment.","Analyst Ratings, Market Sentiment, Bullish",neutral
2026-06-23T16:24:36,Djap Tet Fa Buy Shares of Astra International,https://www.idx.co.id/StaticData/NewsAndAnnouncement/ANNOUNCEMENTSTOCK/From_KSEI/LK-23062026-0052-00.pdf-0.pdf,"Djap Tet Fa Buy Shares of Astra International Insider Djap Tet Fa purchased 800,000 Astra International shares at IDR 4,800 per share, for a total of IDR 3,840,000,000, increasing his holding from 2,200,000 to 3,000,000 shares and raising ownership from 0.005% to 0.007%. The buy adds to a wave of insider acquisitions earlier in 2026, where executives such as Prijono Sugiarto and Gita Tiffani bought shares at prices above IDR 6,000, indicating continued insider accumulation, this time at a lower price level for investment purposes.",Insider Trading,positive
2026-09-01T09:00:00,BNI Sekuritas forecasts a modest rise in the IHSG and issues buy recommendations for six Indonesian stocks,https://investasi.kontan.co.id/news/ihsg-berpotensi-menguat-di-perdagangan-hari-ini-19-cek-rekomendasi-sahamnya,"BNI Sekuritas forecasts a modest rise in the IHSG and issues buy recommendations for six Indonesian stocks BNI Sekuritas' head of retail research, Fanny Suherman, said the Jakarta Composite Index (IHSG) is likely to move sideways but could strengthen after the recent MSCI rebalancing, with support at 6,450‑6,500 and resistance at 6,580‑6,620. The index closed at 6,525.47 on 31 August 2026, up 0.11%, while foreign investors recorded a net sell of Rp 711 billion, led by sales of CPIN, EMAS, UNVR, ASII and TPIA. BNI Sekuritas issued speculative‑buy recommendations for PT Buana Lintas Lautan Tbk (target Rp 450‑460), PT Astrindo Nusantara Infrastruktur Tbk (target Rp 150‑160), PT Charoen Pokphand Indonesia Tbk (target Rp 3,020‑3,100), and speculative‑buy for PT Timah Tbk (target Rp 4,080‑4,130). It also advised a buy‑on‑weakness for PT Dian Swastatika Sentosa Tbk (target Rp 1,125‑1,140) and PT Bayan Resources Tbk (target Rp 14,300‑14,600).","Analyst Ratings, Foreign Investment, Market Sentiment, Bullish",positive
2026-08-04T09:20:00,"IHSG rises 0.33% to 6,254 as Asian markets gain, with broker picks highlighting TINS, ASII, and TLKM",https://www.bloombergtechnoz.com/detail-news/117170/ihsg-menguat-pagi-ini-susul-bursa-saham-asia,"IHSG rises 0.33% to 6,254 as Asian markets gain, with broker picks highlighting TINS, ASII, and TLKM The Indonesian Composite Index (IHSG) opened higher on Tuesday, gaining 20.28 points (0.33%) to 6,254 at 09:01 WIB, mirroring gains in most Asian markets. Trading volume reached 3.24 billion shares worth about Rp1.1 trillion, with 291 stocks advancing, 162 declining and 228 unchanged. Brokers highlighted several stocks as likely beneficiaries, naming TINS, EMTK, JELI (BRI Danareksa), ICBP, MAPA, MEDC, ELSA, ASII (Phintraco), TLKM, EXCL, AALI, DSNG, HRUM, INTP (CGS International), and AALI, TINS, INCO (Panin). Analysts cited domestic PMI, July inflation, a trade‑deficit outlook, a dip in oil prices to around US$80 per barrel, and foreign fund outflows as key contextual factors influencing the market.","Market Sentiment, Analyst Ratings, Foreign Investment, Bullish",neutral
2026-06-03T13:43:00,MORA is the sole big‑cap stock with price gains as KISI Sekuritas recommends six major issuers,https://market.bisnis.com/read/20260603/7/1978071/pasar-saham-ri-kian-terjepit-sentimen-msci-hingga-dsi,"MORA is the sole big‑cap stock with price gains as KISI Sekuritas recommends six major issuers KISI Sekuritas notes that among Indonesia’s ten largest‑cap stocks, BBCA, BBRI, BREN, MORA and AMMN each posted simultaneous revenue, EBITDA and net‑profit growth this year. However, only MORA’s share price appreciated over the past month while the others fell under three non‑fundamental pressures – MSCI/FTSE passive outflows, negative sovereign outlooks from Moody’s and Fitch, and policy uncertainty such as PT DSI and the BI rate at 5.25%. The broker recommends investors accumulate BBCA, AAMN, ASII, MORA, BREN and BBRI, focusing on stocks with free float above 15 %, positive cash flow, low DER, high earnings visibility and dividend yields as income buffers. It advises waiting until the FTSE rebalancing on 22 June 2026 and the next BI rate pivot subside before adjusting positions.","Global Index, Central Bank, Interest Rate, Analyst Ratings, Financial Metrics, Bullish",neutral
2026-07-14T05:51:00,"IHSG predicted to keep rising, analysts recommend ASII, BRMS, ADMR and PGEO for retail investors",https://money.kompas.com/read/2026/07/14/055149726/ihsg-diprediksi-lanjut-menguat-ritel-bisa-cermati-saham-asii-brms-hingga-pgeo,"IHSG predicted to keep rising, analysts recommend ASII, BRMS, ADMR and PGEO for retail investors Analysts forecast that Indonesia's composite index (IHSG) will continue to strengthen and suggest retail investors focus on selected stocks. The index closed at 6,037, up 1.92%, with technical support at 5,986 and resistance at 6,057. The rupiah weakened to Rp 18,109 per US dollar (down 44 points, -0.24%) and upcoming China and US inflation releases are highlighted as market drivers. The broker recommends PT Alamtri Minerals Indonesia Tbk (ADMR) with a target of Rp 1,595‑1,670, PT Astra International Tbk (ASII) at Rp 5,000‑5,250, PT Bumi Resources Minerals Tbk (BRMS) at Rp 590‑665, and also flags PGEO as a stock to watch. Global risk‑off sentiment from heightened Middle‑East tensions is expected to shift funds toward safe‑haven assets such as gold and the US dollar.","Analyst Ratings, Market Sentiment, Global Economy, Bullish",positive
2026-09-02T08:14:00,"IHSG may test 6,650 as BRI Danareksa recommends buying BMRI, ASII and CUAN",https://market.bisnis.com/read/20260902/189/2000660/ihsg-berpeluang-ke-6650-cek-rekomendasi-saham-bmri-hingga-asii,"IHSG may test 6,650 as BRI Danareksa recommends buying BMRI, ASII and CUAN Indonesia's composite index (IHSG) is poised to test the 6,650 resistance level after closing at 6,599.94 on Tuesday, 1 September 2026, up 1.14% and remaining above the 20‑day moving average of 6,416. Technical analyst Reza Diofanda attributes the upside to continued foreign inflows, which net‑bought Rp1.76 trillion in the regular market, and to strong performance of large‑cap banks, while noting that the rupiah is trading at Rp17,744 per US dollar. BRI Danareksa Sekuritas issued BUY recommendations for BMRI (closing price Rp4,320, target Rp4,375–Rp4,460, stop‑loss below Rp4,190), ASII (closing price Rp4,920, target Rp4,980–Rp5,050, stop‑loss below Rp4,800) and CUAN (closing price Rp905, target Rp940–Rp985, stop‑loss below Rp850). The analyst cautions that geopolitical tensions and a potentially hawkish Fed could keep market volatility high and affect further upside.","Analyst Ratings, Foreign Investment, Currency & FX, Interest Rate, Bullish",positive
2026-07-17T13:49:00,Astra International (ASII) Receives Shareholder Approval for Up to Rp 8 Trillion Share Buyback,https://money.kompas.com/read/2026/07/17/134902326/astra-asii-kantongi-restu-buyback-saham-rp-8-triliun,"Astra International (ASII) Receives Shareholder Approval for Up to Rp 8 Trillion Share Buyback Astra International Tbk (ASII) obtained shareholder approval at its Extraordinary General Meeting on 17 July 2026 to repurchase shares with a maximum value of Rp 8 trillion. The program allows the transfer of up to 100 million shares, covering the period from 16 March to 15 June 2026, and authorises the Nomination and Remuneration Committee to set the execution price under applicable regulations. The board also received authority to carry out any additional actions required for the Management Stock Ownership Program. During the trading session on the announcement day, ASII shares closed flat at Rp 5,100, after touching a low of Rp 5,050 and a high of Rp 5,175.","Stock Buyback, Shareholders General Meeting, Bullish",positive
2026-06-05T09:19:00,"IHSG projected to extend decline as big caps diverge, with AMMN and TLKM gaining while several others fall",https://market.bisnis.com/read/20260605/7/1978574/rekomendasi-saham-dan-pergerakan-ihsg-hari-ini-jumat-5-juni-2026,"IHSG projected to extend decline as big caps diverge, with AMMN and TLKM gaining while several others fall The Jakarta Composite Index (IHSG) opened lower on Friday June 5, 2026, slipped 0.98% to 5,782.22 before rebounding to 5,854.7, with market capitalisation at Rp10,284.95 trillion. Among big‑cap stocks, PT Amman Mineral Internasional Tbk rose 5.74% to Rp3,500 and PT Telkom Indonesia Tbk gained 1.75% to Rp2,900, while PT Chandra Asri Pacific Tbk fell 14.86% to Rp1,375, PT Pantai Indah Kapuk Dua Tbk dropped 4.80% to Rp6,450, PT Astra International Tbk slipped 4.34% to Rp4,630, PT Bank Negara Indonesia Tbk declined 4.20%, PT Barito Renewables Energy Tbk fell 3.85%, and PT Bank Rakyat Indonesia Tbk decreased 3.10%. MNC Sekuritas also highlighted ADMR up 5.7% to Rp1,380, MAPI up 0.33% to Rp1,500, MDKA up 7.33% to Rp2,490, and RAJA down 2.42% to Rp3,230 as notable movers. Research from MNC Sekuritas and Mirae Asset Sekuritas warned that risk‑off sentiment, liquidity pressure and a weakening rupiah could keep the IHSG in a downtrend toward the 5,395‑5,412 range, with short‑term support at 5,735 and 5,381 and resistance at 6,215 and 6,588.","Market Sentiment, Currency & FX, Global Economy, Financial Metrics, Bearish",neutral
2026-09-24T22:07:00,"Foreign investors ramp up net selling, surpassing Rp 100 trillion",https://investor.id/market/455426/asing-merajalela-net-sell-membengkak-di-atas-rp-100-triliun,"Foreign investors ramp up net selling, surpassing Rp 100 trillion The article reports that foreign investors' net selling on the Indonesia Stock Exchange has exceeded Rp 100 trillion year‑to‑date, reaching Rp 104.3 trillion in the regular market. The biggest outflow was on PT Bank Mandiri Tbk (BMRI) with a net sell of Rp 531.9 billion, followed by PT Bank Rakyat Indonesia Tbk (BBRI) at Rp 141.1 billion, while PT Astra International Tbk (ASII) recorded the largest net buy of Rp 24.4 billion. On Thursday 24 September 2026 the composite index (IHSG) closed down 76.3 points (‑1.2%) at 6,298.6, with total market turnover of Rp 11.2 trillion, as higher U.S. Treasury yields (10‑year >5%, 2‑year ≈4.9%) and a stronger dollar pressured Indonesian assets.","Foreign Investment, Currency & FX, Bearish",negative
2026-07-31T18:41:00,"ASII profit projected to rebound in H2 2026 with target net profit up to Rp29 trillion, analysts say",https://investasi.kontan.co.id/news/laba-asii-diproyeksi-pulih-di-semester-ii-2026-cek-proyeksi-rekomendasi-analis,"ASII profit projected to rebound in H2 2026 with target net profit up to Rp29 trillion, analysts say PT Astra International Tbk posted a Q2 2026 net profit of Rp 6.7 trillion, 22 % lower YoY but 14 % higher QoQ, representing about 43 % of the consensus 2026 profit forecast of Rp 29 trillion. Stockbit Investment analysts expect the second‑half of 2026 to lift Astra’s annual net profit to the Rp 28‑29 trillion range, citing the absence of further one‑off charges, possible RKAB revisions and a recovery in gold output at the Martabe mine that should boost its subsidiary PT United Tractors Tbk. Kiwoom Sekuritas analyst Adrian Djie, however, flags pressure from the Heavy Equipment, Mining, Construction & Energy segment and a Rp 3.3 trillion one‑off charge at UNTR, noting that UNTR’s earnings remain under strain. Both analysts maintain buy recommendations, setting target prices of Rp 6,400 for Astra and Rp 29,100 for United Tractors, while United Tractors’s price‑to‑book ratio is near minus‑two standard deviations of its five‑year average.","Analyst Ratings, Financial Metrics, Bullish",neutral
2026-08-31T12:56:00,"PT Astra International Tbk launches voluntary tender offer to purchase up to 238.4 million PT Astra Otoparts Tbk shares at Rp3,600 each",https://emitennews.com/news/asii-buka-penawaran-beli-saham-auto-milik-publik-rp3600-per-saham,"PT Astra International Tbk launches voluntary tender offer to purchase up to 238.4 million PT Astra Otoparts Tbk shares at Rp3,600 each PT Astra International Tbk announced a voluntary tender offer to buy shares of its consolidated subsidiary PT Astra Otoparts Tbk. The company currently holds 3,855,786,337 AUTO shares (80% of the issued capital) and seeks to acquire up to 238,442,293 additional shares, about 4.947% of AUTO’s capital. The offer price is Rp3,600 per share, giving a maximum transaction value of Rp858,392,254,800. If fully subscribed, ASII’s stake would rise to up to 4,094,228,630 shares, roughly 84.947% of AUTO, subject to OJK’s effective approval.","Mergers & Acquisitions, Ownership, OJK, Capital & Funding, Bullish",neutral
2026-07-20T08:55:00,DEWA Expands Business Portfolio with Three New Subsidiaries; ASII Launches Rp8 Trillion Share Buyback Program,https://finance.detik.com/bursa-dan-valas/d-8581378/dewa-perluas-portofolio-bisnis-asii-mulai-program-buyback-rp-8-triliun,"DEWA Expands Business Portfolio with Three New Subsidiaries; ASII Launches Rp8 Trillion Share Buyback Program DEWA announced the creation of three new subsidiaries—DH Listrik, DH Infrastruktur, and DH Arunika Hospitality—to broaden its activities in electricity generation, infrastructure services, and hospitality. The new entities are owned 99.90% indirectly through DH Investindo (with 0.10% held by Cipta Multi Prima) for DH Listrik and DH Infrastruktur, while DH Arunika Hospitality is owned directly by DEWA at 99.90% (the remainder by Cipta Multi Prima). For the quarter ended March 2026, DEWA reported total assets of Rp15.95 trillion, equity of Rp7.89 trillion, revenue of Rp1.55 trillion (down 2.21% YoY) and net profit of Rp92.72 billion (up 34.59%). Meanwhile, ASII disclosed a share‑repurchase program up to Rp8 trillion to run from 20 July 2026 to 16 July 2027, having already bought back Rp810.70 billion (40.5% of the allocation) at an average price of Rp5,283 per share, and RISE commenced construction of the Vasa Ubud resort in Bali with an investment of about Rp1 trillion.","Business Expansion, Stock Buyback, Subsidiaries, Financial Metrics, Bullish",positive
2026-06-11T16:17:00,"PT Astra International Tbk reports May 2026 vehicle sales of 38,768 units, capturing 56% market share",https://money.kompas.com/read/2026/06/11/161759126/astra-asii-jual-38768-mobil-kuasai-56-persen-pangsa-pasar,"PT Astra International Tbk reports May 2026 vehicle sales of 38,768 units, capturing 56% market share PT Astra International Tbk reported selling 38,768 vehicles in May 2026, a 12.43% increase from 34,480 units a year earlier. The sales gave Astra a 56% share of the Indonesian passenger‑vehicle market in May, up from 52% in April. Sales were led by Toyota and Lexus models (24,983 units) followed by Daihatsu (11,140 units), Isuzu (2,570 units) and UD Trucks (75 units), while the LCGC segment fell to 6,836 units from 7,470 units in April. Despite a 7.15% monthly decline versus April’s 41,755 units, Astra’s performance outpaced the broader market, where Gaikindo reported a 14% YoY rise in four‑wheel vehicle sales.","Financial Metrics, Business Expansion, Production & Operations, Bullish",positive
2026-06-14T14:44:00,IHSG Expected to Trade Sideways 15‑19 June 2026 as Analysts Highlight Key Stock Recommendations,https://investasi.kontan.co.id/news/ihsg-diramal-sideways-di-perdagangan-15-19-juni-2026-ini-sederet-sentimennya,"IHSG Expected to Trade Sideways 15‑19 June 2026 as Analysts Highlight Key Stock Recommendations Analysts from Ajaib Sekuritas and Panin Sekuritas project the Indonesia Composite Index (IHSG) to remain limited between 5,800 and 6,200 during the four‑day trading week of 15‑19 June 2026. In a conservative scenario the index may stay within 5,950‑6,050, while a moderate view sees 6,000‑6,150 and an aggressive outlook could push it above 6,200 if global sentiment stays positive. The brokers recommend several equities, citing target prices of Rp 7,000 for PT Bank Central Asia Tbk, Rp 4,000 for PT Bank Negara Indonesia Tbk, Rp 3,300 for PT Telkom Indonesia Tbk, Rp 5,200 for PT Astra International Tbk, Rp 1,400 for PT AKR Corporindo Tbk and Rp 1,900 for PT Barito Pacific Tbk. Additional picks include PT XLSMART Telecom Sejahtera Tbk with a resistance of Rp 2,780 and support of Rp 2,350, ADMR with resistance Rp 1,670 and support Rp 1,450, and BMRI with resistance Rp 4,450 and support Rp 4,000.","Analyst Ratings, Market Sentiment",neutral
2026-06-10T18:03:00,"Astra International focuses on automotive, financial services and mining segments while targeting recovery in Q2‑2026",https://investasi.kontan.co.id/news/astra-asii-fokus-pada-tiga-segmen-bisnis-begini-prospek-prospek-kuartal-ii-2026,"Astra International focuses on automotive, financial services and mining segments while targeting recovery in Q2‑2026 PT Astra International Tbk reported a 6% YoY decline in Q1‑2026 consolidated revenue to Rp 78.7 trillion and a 16% YoY drop in net profit to Rp 5.9 trillion, with the Heavy Equipment, Mining, Construction & Energy (HEMCE) segment posting a 79% profit fall to Rp 408 billion. Management is shifting to a value‑creation strategy centered on three core businesses—automotive, financial services and mining—and announced a sustainable share‑buyback program of Rp 8 trillion over the next 12 months, potentially up to Rp 2 trillion each quarter. Analysts remain divided, with UBS analyst Igor Putra recommending a buy at a target of Rp 7,750 per share, Sucor analyst Christofer Kojongian maintaining a hold with a target of Rp 5,900, and Infovesta analyst Ester Mulyani suggesting a trading‑buy range of Rp 5,500‑5,700. The outlook hinges on a recovery in the automotive market, where April 2026 4‑wheel sales rose 55% YoY to 41,800 units and market share returned to 51.7%, while credit‑rate pressures and competition from Chinese OEMs and EVs continue to challenge growth.","Business Expansion, Stock Buyback, Analyst Ratings, Capital & Funding, Bearish",negative
2026-09-01T08:13:00,Analyst says ASII’s voluntary tender offer could cut AUTO’s free float by about 5%,https://emitennews.com/news/vto-asii-berpotensi-pangkas-free-float-auto-ini-kata-analis,"Analyst says ASII’s voluntary tender offer could cut AUTO’s free float by about 5% The article discusses the potential impact of PT Astra International Tbk’s voluntary tender offer for PT Astra Otoparts Tbk on AUTO’s free float. The tender price of Rp3,600 per share represents a 5.9% premium over the 28 August close and could reduce AUTO’s free float from roughly 20% to about 15%, a drop of 4,947 percentage points. Analyst Mirae Asset notes that the lower free float may lower liquidity and raise price volatility, but the scarcity could support a rerating if investor demand remains strong. AUTO reported H1 2026 net profit of Rp1.15 trillion (+23%) and revenue of Rp10.9 trillion (+13%), with a valuation of 6.9× PER and 1.04× PBV, while ASII would need up to Rp858.4 billion of cash and would increase its ownership from 80% to about 84.95%.","Mergers & Acquisitions, Ownership, Market Sentiment, Bullish",neutral
2026-07-14T05:00:00,"Broker technical recommendations for PT Astra International Tbk (ASII), PT Sarana Menara Nusantara Tbk (TOWR) and PT Indofood Sukses Makmur Tbk (INDF) ahead of Tuesday trade (14 July 2026)",https://investasi.kontan.co.id/news/cermati-rekomendasi-teknikal-saham-asii-towr-indf-untuk-perdagangan-selasa-147,"Broker technical recommendations for PT Astra International Tbk (ASII), PT Sarana Menara Nusantara Tbk (TOWR) and PT Indofood Sukses Makmur Tbk (INDF) ahead of Tuesday trade (14 July 2026) The article provides technical trading recommendations for three Indonesian stocks—PT Astra International Tbk (ASII), PT Sarana Menara Nusantara Tbk (TOWR) and PT Indofood Sukses Makmur Tbk (INDF)—for the session on Tuesday 14 July 2026. ASII closed at Rp 4,850, up 0.83%, forming a bullish consolidation with positive Stochastics K/D and RSI signals; analysts suggest support at Rp 4,690 and resistance at Rp 4,980. TOWR finished at Rp 374, up 0.54%, holding above the Fibonacci support zone 347–358 and showing recovering MACD momentum, with a buy range of Rp 365‑375, support Rp 350 and resistance Rp 380. INDF slipped to Rp 6,750, down 0.37%, near the 6,975 resistance and a neutral‑to‑bearish MACD, prompting a “buy on weakness” recommendation between Rp 6,300‑6,400, support Rp 6,200 and resistance Rp 7,200; the broader market index IHSG rose 1.92% to 6,037.84.",Analyst Ratings,neutral
2026-08-12T08:39:00,"IHSG slips into red zone, see today's stock recommendations",https://finance.detik.com/bursa-dan-valas/d-8614668/ihsg-tergelincir-ke-zona-merah-simak-rekomendasi-saham-hari-ini,"IHSG slips into red zone, see today's stock recommendations The Jakarta Composite Index (IHSG) closed at 6,267.88 on 11 August, down 1.53% and entering the red zone. Foreign investors recorded a net sell of Rp279.98 billion in the regular market and Rp687.80 billion across all markets, while ten of eleven sectors weakened, led by Industrials down 3.49% and Healthcare up only 0.19%. Among individual stocks, KLBF rose 1.91%, STAR surged 24.70% and ISAT gained 2.38%, whereas DCII fell 4.66%, BBCA slipped 1.18% and ASII declined 2.60%. GULA announced three sugar‑value‑chain projects—including a 500‑ton‑per‑day red‑sugar plant and a Rp350 billion acquisition in Sragen—having deployed 98% of its IPO proceeds (Rp49.13 billion of Rp50.34 billion). ITMG reported H1‑2026 revenue of US$1 billion (+8.81% YoY) with net profit of US$109.51 million (+16.51% YoY), and LABS disclosed a share‑buyback program of up to Rp12.60 billion for 60 million shares (1.51% of outstanding) to be executed from 11 August 2026 to 11 January 2027.","Stock Buyback, Asset Purchase, Bearish",neutral
2026-09-07T07:23:00,"Foreign investors heavily buy big bank stocks PT Bank Rakyat Indonesia Tbk, PT Bank Central Asia Tbk and PT Bank Mandiri Tbk in the past week.",https://investasi.kontan.co.id/news/asing-ramai-borong-saham-big-banks-bbri-bbca-dan-bmri-sepekan-terakhir,"Foreign investors heavily buy big bank stocks PT Bank Rakyat Indonesia Tbk, PT Bank Central Asia Tbk and PT Bank Mandiri Tbk in the past week. The article reports that foreign investors returned to Indonesia’s banking sector last week, posting the largest net purchases in the market for the three big banks. PT Bank Rakyat Indonesia Tbk recorded a net buy of Rp 1.41 trillion, PT Bank Central Asia Tbk Rp 1.20 trillion and PT Bank Mandiri Tbk Rp 1.01 trillion, together accounting for about Rp 3.62 trillion of foreign inflows, while PT Bank Negara Indonesia Tbk added Rp 261.39 billion. Other heavily bought stocks included PT Chandra Asri Pacific Tbk (Rp 238.84 billion), PT Dian Swastatika Sentosa Tbk (Rp 168.05 billion), PT Triputra Agro Persada Tbk (Rp 147.58 billion), PT Erajaya Swasembada Tbk (Rp 126.94 billion), PT Adaro Andalan Indonesia Tbk (Rp 93.49 billion) and PT Alamtri Resources Indonesia Tbk (Rp 84.23 billion). Foreign investors sold PT Charoen Pokphand Indonesia Tbk (Rp 485.66 billion), PT Merdeka Gold Resources Tbk (Rp 337.42 billion), PT Indosat Tbk (Rp 225.62 billion), PT Amman Mineral Internasional Tbk (Rp 173 billion), PT Petrosea Tbk (Rp 162.7 billion), PT Astra International Tbk (Rp 150.28 billion), PT Bukalapak.com Tbk (Rp 129.03 billion), PT Bumi Resources Minerals Tbk (Rp 126.97 billion), PT Indo Tambangraya Megah Tbk (Rp 121.57 billion) and PT Unilever Indonesia Tbk (Rp 109.91 billion), contributing to a total foreign net buy of Rp 1.85 trillion and supporting a 1.82 % weekly rise in the IHSG index, which closed at 6,636.47, down 31.4 points (0.47 %) on Friday.","Foreign Investment, Market Sentiment, Bullish",positive
2026-06-25T19:35:00,"Buyback wave hits ASII and GOTO as IHSG under pressure, analyst says",https://market.bisnis.com/read/20260625/7/1983336/gelombang-buyback-asii-goto-cs-saat-ihsg-tertekan-ini-kata-analis,"Buyback wave hits ASII and GOTO as IHSG under pressure, analyst says PT Astra International Tbk announced a new buyback program worth Rp8 trillion, while PT GoTo Gojek Tokopedia Tbk received approval to repurchase up to Rp3.5 trillion of its shares. PT Merdeka Battery Materials Tbk also allocated up to Rp1.46 trillion for a buyback, and PT Bank Tabungan Negara Tbk is planning a similar action. RHB Sekuritas Head of Research Andrey Wijaya said the buybacks reflect management confidence in long‑term fundamentals and aim to take advantage of what he views as attractive valuations amid the IHSG decline and MSCI classification uncertainty. He highlighted BBTN and ASII as having particularly appealing valuations, while noting that GOTO’s growth potential carries higher risk and that the overall effectiveness of buybacks is limited by external pressures such as foreign fund outflows.","Stock Buyback, Analyst Ratings, Market Sentiment, Foreign Investment, Bullish",positive
2026-09-23T20:55:00,"ASII shares slip below IDR5,000 as President Commissioner Prijono Sugiarto and President Director Rudy increase holdings",https://www.idnfinancials.com/id/news/69326/harga-kembali-merosot-ke-bawah-rp5-000-dua-bos-astra-borong-saham,"ASII shares slip below IDR5,000 as President Commissioner Prijono Sugiarto and President Director Rudy increase holdings President Commissioner Prijono Sugiarto and President Director Rudy of ASII increased their shareholdings as the stock fell below the IDR5,000 level. Prijono bought 8,700 shares at IDR4,850 each on 21 September 2026, spending roughly IDR42.2 million, while Rudy acquired about 4.4 million shares in two transactions on 21‑22 September 2026 at IDR4,820 and IDR4,790, investing approximately IDR21.1 billion. The combined purchases lifted their collective ownership from 0,003 % to 0,0138 % and ASII closed down 0.63 % on 23 September, marking a 30.15 % decline year‑to‑date with the price remaining under IDR5,000 after briefly touching IDR5,050 on 3 September. The buying occurs amid an IDR8 trillion share buyback program that began in July 2026 and runs through July 2027, which has yet to lift the share price.","Ownership, Stock Buyback, Bearish",positive
2026-07-07T16:41:52,Reasons for the IHSG Closing Up 1.19% Today,https://www.cnbcindonesia.com/market/20260707160842-17-748866/penyebab-ihsg-ditutup-naik-119-hari-ini,"Reasons for the IHSG Closing Up 1.19% Today The Jakarta Composite Index (IHSG) closed up 1.19% at 5,986.5 points, driven by broad sector gains. The three major banks—BBCA, BBRI, and BBNI—led the rally, contributing 15.48, 10.24, and 6.28 points respectively, while other top movers such as ASII, AMMN, BRPT and CPIN added further upside. Weight draggers BRMS, INDF, ICBP and DEWA offset some gains, each pulling the index down by 0.37‑2.24 points. Trading volume was modest at Rp 10.37 trillion across 21.28 billion shares, and market capitalization reached Rp 10,466 trillion, with technical resistance near 6,450 points.",,neutral
2026-07-31T07:00:00,Astra International posts half‑year profit of Rp12.5 trillion and announces up to Rp8 trillion share buyback,https://www.bloombergtechnoz.com/detail-news/116785/astra-asii-cetak-laba-rp12-5-triliun-prospek-makin-cerah,"Astra International posts half‑year profit of Rp12.5 trillion and announces up to Rp8 trillion share buyback Astra International reported half‑year 2026 net profit of Rp12.5 trillion, backed by consolidated revenue of Rp157.9 trillion. The group saw automotive earnings rise 9% YoY, financial services up 6% YoY and other businesses jump 81% YoY, while contributions from mining solutions and heavy equipment fell, pressuring overall profit. Astra approved a new share buyback program of up to Rp8 trillion over the next 12 months at the extraordinary shareholders meeting on 17 July 2026, and its subsidiary United Tractors announced a Rp2 trillion buyback for three months. United Tractors posted an 88.2% decline in net profit to Rp956.28 billion and a 15% revenue drop to Rp58.29 trillion, citing weaker gold sales from PT Agincourt Resources and reduced coal mining activity under the 2026 national RKAB. Stockbit analysts project Astra’s full‑year 2026 net profit could reach around Rp29 trillion if no further one‑off charges arise.","Financial Metrics, Stock Buyback, Shareholders General Meeting, Bullish",positive
2026-08-05T18:31:00,"Indo Premier Sekuritas raises profit forecasts and lifts price target to Rp 5,900 for PT Astra International Tbk (ASII)",https://investasi.kontan.co.id/news/proyeksi-laba-target-harga-astra-asii-dikerek-naik-usai-rilis-lapkeu-semester-i,"Indo Premier Sekuritas raises profit forecasts and lifts price target to Rp 5,900 for PT Astra International Tbk (ASII) Indo Premier Sekuritas upgraded its outlook for PT Astra International Tbk (ASII) after strong first‑half 2026 results. It increased core profit estimates for 2026‑2028 by 2‑10% and raised the target price to Rp 5,900 from Rp 5,800, while the stock closed down 1.95% at Rp 5,025 per share. The revision is driven by better performance of automotive subsidiaries PT Astra Daihatsu Motor (ADM) and PT Astra Otoparts Tbk (AUTO), with ADM margin raised to 6% and its profit projection up 19%, and an expected 20% annual growth in joint‑venture revenue. Indo Premier also lifted core‑profit forecasts for other ASII subsidiaries, PT United Tractors Tbk (UNTR) (+4‑53%) and PT Astra Agro Lestari Tbk (AALI) (+3‑8%). Revenue and net‑profit targets for ASII in 2026 were revised upward to Rp 329.72 trillion and Rp 30.42 trillion, and vehicle wholesale volume is projected at 900,000 units, assuming ASII retains a 50% market share.","Analyst Ratings, Financial Metrics, Bullish",positive
2026-08-07T23:00:00,"Foreign investors record net buying on the IDX, with PT Bank Rakyat Indonesia Tbk leading the top net buy",https://www.idnfinancials.com/id/news/67169/perdagangan-asing-net-buy-bbri-tercatat-top-buy,"Foreign investors record net buying on the IDX, with PT Bank Rakyat Indonesia Tbk leading the top net buy The article reports that foreign investors shifted to a net‑buy position on the Indonesia Stock Exchange on 7 August, moving from a net‑sell of Rp273.47 billion the day before to a net‑buy of Rp1.24 trillion. PT Bank Rakyat Indonesia Tbk recorded the largest net‑buy of Rp506.9 billion (160 million shares), followed by PT Chandra Asri Pacific Tbk (Rp275.8 billion, 120 million shares), PT NexAI Digital Infrastruktur Tbk (Rp229.8 billion, 32.84 million shares), PT Aneka Tambang Tbk (Rp147.4 billion, 46.86 million shares) and PT Timah Tbk (Rp132 billion, 34.04 million shares). On the sell side, PT Bank Central Asia Tbk led net‑sell with Rp93.1 billion (14.64 million shares), followed by PT Buana Lintas Lautan Tbk (Rp69.3 billion, 150 million shares), PT Bank Mandiri Tbk (Rp60.4 billion, 14.33 million shares), PT Astra International Tbk (Rp47.1 billion, 9.26 million shares) and PT Merdeka Gold Resources Tbk (Rp36.2 billion, 4.86 million shares). Foreign‑buy volume rose to Rp5.68 trillion while foreign‑sell fell to Rp4.45 trillion, creating the overall net‑buy position.","Foreign Investment, Market Sentiment",positive
2026-06-13T11:30:04,"Foreign investors net sold Rp 371.6 billion of PT Bank Rakyat Indonesia (Persero) Tbk shares on June 12, 2026",https://investor.id/stock/442639/asing-obral-deretan-saham-ini,"Foreign investors net sold Rp 371.6 billion of PT Bank Rakyat Indonesia (Persero) Tbk shares on June 12, 2026 On June 12, 2026 foreign investors recorded a net sell of Rp 371.6 billion in PT Bank Rakyat Indonesia (Persero) Tbk shares, the largest outflow among Indonesian stocks that day. The same foreign sellers also posted net sells of Rp 168.1 billion in PT Bank Mandiri (Persero) Tbk, Rp 102.2 billion in PT Astra International Tbk, and Rp 37.7 billion in PT Bank Negara Indonesia (Persero) Tbk. Despite the outflows, the Jakarta Composite Index (IHSG) closed up 121.62 points (2.07%) at 6,007.66, with total market turnover of Rp 21.39 trillion across 33.82 billion shares traded.","Foreign Investment, Bearish",negative
2026-06-11T16:08:00,Astra International's May 2026 Car Sales Rise 12.4% as Market Share Reaches 56%,https://money.kompas.com/read/2026/06/11/160833526/penjualan-mobil-mulai-pulih-geliat-pembiayaan-kendaraan-meningkat,"Astra International's May 2026 Car Sales Rise 12.4% as Market Share Reaches 56% Indonesia's car market recovered in 2026, with Gaikindo reporting a 14% year‑on‑year increase in wholesale deliveries to dealers and a 16.8% rise in retail sales in May. Cumulative January‑May wholesale volumes grew 12.8% to 359,015 units and retail volumes rose 8.8% to 359,490 units. PT Astra International Tbk captured a 56% share of May car sales, up from 52% in April, and its May sales volume reached 38,768 units, a 12.43% increase year‑on‑year.","Business Expansion, Financial Metrics, Production & Operations, Bullish",positive
2026-08-05T20:32:53,Prijono Sugiarto Buys Shares of Astra International,https://www.idx.co.id/StaticData/NewsAndAnnouncement/ANNOUNCEMENTSTOCK/From_KSEI/LK-05082026-9010-00.pdf-0.pdf,"Prijono Sugiarto Buys Shares of Astra International On August 3, 2026, Astra International insider Prijono Sugiarto purchased 51,300 shares at IDR 5,073 per share, costing IDR 260,244,900. The transaction raised his holding to 5,587,100 shares, keeping his stake at 0.014% of the company. This buy follows a series of insider purchases at ASII over the past six months, where several executives have accumulated hundreds of thousands of shares, reflecting ongoing insider buying activity.",Insider Trading,positive
2026-09-23T19:01:00,PT Astra International Tbk (ASII) Tightens Investment in Non-Core Businesses,https://emitennews.com/news/di-luar-3-bisnis-inti-astra-international-asii-perketat-investasi,"PT Astra International Tbk (ASII) Tightens Investment in Non-Core Businesses During Astra Media Day 2026 on 23 September, PT Astra International Tbk (ASII) said it will tighten its investment strategy for businesses outside its three core segments—automotive, financial services, and mining-solution & heavy-equipment operations. The company will evaluate its wider-business portfolio based on growth prospects, capital needs and contribution to the Astra ecosystem, continuing to invest in strategically important units, seeking partners for some, and re-assessing others. Wider-business segments contributed about 10% of the group’s consolidated profit, with net profit before non-recurring items of Rp1.6 trillion in the first half of 2026, a 31% increase year-on-year, while the core segments account for roughly 90% of profit. This tighter capital-allocation discipline aligns with Astra’s new corporate roadmap that emphasizes focus, clear strategy, disciplined capital deployment and transformation commitments.","Capital & Funding, Partnerships & Agreements, Bullish",positive
2026-09-23T16:00:15,Rudy Buy Shares of Astra International,https://www.idx.co.id/StaticData/NewsAndAnnouncement/ANNOUNCEMENTSTOCK/From_KSEI/LK-23092026-1413-00.pdf-0.pdf,"Rudy Buy Shares of Astra International Insider Rudy purchased a total of 4,400,000 Astra International shares over two days at an average price of IDR 4,804 per share, spending IDR 21,142,000,000. The transaction raised his holding from 1,200,000 to 5,600,000 shares, lifting his ownership from 0.003% to 0.014% and is reported as an investment. The purchase follows a series of insider accumulations in recent months, including multiple buys by senior executives such as Prijono Sugiarto and Djap Tet Fa, indicating continued insider confidence in the stock.",Insider Trading,positive
2026-08-26T20:04:00,"Foreign investors net bought Rp 1.37 trillion on Wednesday, PT Dian Swastatika Sentosa Tbk topping the list as the IHSG dropped 1.48%",https://investasi.kontan.co.id/news/asing-net-buy-jumbo-rp-137-triliun-saat-ihsg-ambruk-cek-saham-yang-banyak-diborong,"Foreign investors net bought Rp 1.37 trillion on Wednesday, PT Dian Swastatika Sentosa Tbk topping the list as the IHSG dropped 1.48% Foreign investors recorded a net purchase of Rp 1.37 trillion in Indonesian equities on 26 August 2026 despite the IHSG falling sharply. The IHSG closed down 1.48% (95.86 points) at 6,405.68, with 583 stocks declining, 118 rising, and total turnover of 41.53 billion shares worth Rp 17.97 trillion. The ten stocks with the largest foreign net buys were PT Dian Swastatika Sentosa Tbk (Rp 1.41 trillion), PT Bank Mandiri Tbk (Rp 257.32 billion), PT XL SMART Telecom Sejahtera Tbk (Rp 246.55 billion), PT Merdeka Copper Gold Tbk (Rp 119.15 billion), PT Bank Central Asia Tbk (Rp 80.82 billion), PT Indofood CBP Sukses Makmur Tbk (Rp 30.2 billion), PT J Resources Asia Pasifik Tbk (Rp 24.74 billion), PT Bumi Resources Minerals Tbk (Rp 23.55 billion), PT Alamtri Resources Indonesia Tbk (Rp 17.9 billion) and PT Astra International Tbk (Rp 15.8 billion). The foreign net buying underscores strong demand for these issuers even as overall market sentiment remained bearish.","Foreign Investment, Market Sentiment, Bullish",neutral
2026-06-21T11:42:00,President Director Djap Tet Fa purchases 2.2 million shares of PT Astra International Tbk for Rp10.68 billion,https://emitennews.com/news/investasi-perdana-presdir-aali-borong-saham-asii-rp1068-miliar,"President Director Djap Tet Fa purchases 2.2 million shares of PT Astra International Tbk for Rp10.68 billion Djap Tet Fa, President Director of PT Astra Agro Lestari Tbk and Director of PT Astra International Tbk, made a first‑time purchase of PT Astra International Tbk shares. On 17 June 2026 he bought 2,200,000 shares at Rp4,858 each, totaling approximately Rp10.68 billion and representing 0,0054% of the company’s equity. He previously held no shares of PT Astra International Tbk. The stock closed on Friday 19 June at Rp4,810, up 40 points or 0.84%.","Ownership, Bullish",positive
2026-07-20T15:00:00,Astra International receives shareholder approval for up to Rp8 trillion share buyback and Management Stock Ownership Program,https://emitennews.com/news/astra-international-asii-kantongi-restu-buyback-rp8-triliun-dan-msop,"Astra International receives shareholder approval for up to Rp8 trillion share buyback and Management Stock Ownership Program Astra International (ASII) obtained shareholder approval at its extraordinary general meeting on 17 July 2026 to conduct a share buyback program of up to Rp8 trillion. The buyback will be executed under POJK No. 29/2023 and the approved amount excludes brokerage and other transaction costs. Shareholders also authorized the transfer of up to 100 million treasury shares from the third‑phase buyback (16 Mar‑15 Jun 2026) for a Management Stock Ownership Program. The Nomination and Remuneration Committee will set the transfer price and payment obligations, while the board receives a mandate to complete all administrative steps. The program aims to align management interests with shareholders and enhance long‑term company value.","Stock Buyback, Ownership, Shareholders General Meeting, Bullish",positive
2026-09-23T13:56:00,PT Astra International Tbk (ASII) reaffirms focus on three core businesses through 2027,https://investasi.kontan.co.id/news/astra-international-asii-tetap-fokus-pada-tiga-bisnis-inti-pada-tahun-2027,"PT Astra International Tbk (ASII) reaffirms focus on three core businesses through 2027 On 23 September 2026, PT Astra International Tbk (ASII) reaffirmed its focus on three core businesses—automotive, financial services, and mining solutions & heavy equipment—through 2027. These three segments together generate roughly 90% of the group's profit. To deepen its automotive component capabilities, the company plans to increase its stake in PT Astra Otoparts Tbk (AUTO) via a Voluntary Tender Offer at Rp 3,600 per share, requiring about Rp 858 billion if all targeted shares are acquired. Capital spending and investments will be prioritized for the three core businesses, while the firm remains open to selective opportunities outside this focus, though no significant additional investments are expected at this time.","Business Expansion, Capital & Funding, Mergers & Acquisitions, Asset Purchase, Bullish",neutral
2026-07-13T08:40:00,AHAP launches Rp175 billion rights issue as MEDC readies $54.5 million drilling program and ASII reports 10% sales rise,https://finance.detik.com/bursa-dan-valas/d-8571312/ahap-siapkan-rights-issue-rp-175-m-medc-genjot-pengeboran-4-sumur-baru,"AHAP launches Rp175 billion rights issue as MEDC readies $54.5 million drilling program and ASII reports 10% sales rise The article reports that AHAP plans a rights issue of up to 3.5 billion new shares at Rp50 each, potentially raising Rp175 billion to meet the insurance‑company minimum equity requirement. MEDC announced a US$54.5 million drilling program for four exploration wells in Q3 2026, aiming to support a 165,000–170,000 BOEPD production target and backed by 564 million BOE of 2P reserves with an 11.4‑year reserve life index. ASII disclosed wholesale vehicle sales of 222,371 units in H1 2026, a 10% year‑on‑year increase, with June sales rising 37% YoY and its market share staying above 50% since May. The broader market context showed the IHSG up 0.20% to 5,924.36, the energy sector gaining 0.91%, and foreign investors recording net sells of Rp288.9 billion in the regular market.","Rights Issue, Business Expansion, Capital & Funding, Foreign Investment, Bullish",neutral
2026-08-18T05:59:00,Foreign investors sell Rp 2.5 trillion of stocks as investors await three IHSG catalysts this week,https://money.kompas.com/read/2026/08/18/055901626/usai-asing-jual-saham-rp-25-triliun-investor-menanti-3-katalis-ihsg-pekan-ini,"Foreign investors sell Rp 2.5 trillion of stocks as investors await three IHSG catalysts this week The article notes that foreign investors recorded a net sell of about Rp 2.5 trillion during the week, bringing the year‑to‑date foreign outflow to Rp 97.1 trillion. The biggest net‑sell positions were in PT Chandra Asri Pacific Tbk (Rp 951 billion), PT Bank Mandiri (Persero) Tbk (Rp 773 billion) and PT Astra International Tbk (Rp 278 billion), while the top net‑buy positions were PT Bank Rakyat Indonesia (Persero) Tbk (Rp 306 billion), PT Timah Tbk and PT Bank Central Asia Tbk (each Rp 222 billion). Commodity price gains, especially copper up 3.4 % to $14,576 per ton and Brent crude up 5.9 % to $89 per barrel, highlight energy‑related stocks such as PT Medco Energi Internasional Tbk, PT Energi Mega Persada Tbk, PT Raharja Energi Cepu Tbk, PT Amman Mineral Internasional Tbk and PT Merdeka Copper Gold Tbk as stocks to watch. Investors will watch three key catalysts this week – the MSCI August Review, the Bank Indonesia rate decision and the release of the FOMC minutes – alongside China’s July industrial production and retail‑sales data.","Foreign Investment, Central Bank, Market Sentiment, Global Economy, Bearish",neutral
2026-06-16T14:04:56,"Foreign investors net sell PT Bumi Resources Tbk shares worth Rp 335.5 billion on June 15, 2026",https://investor.id/stock/442889/asing-banting-saham-unggulan-ini,"Foreign investors net sell PT Bumi Resources Tbk shares worth Rp 335.5 billion on June 15, 2026 On June 15, 2026, foreign investors recorded a net sell of Rp 335.5 billion in PT Bumi Resources Tbk, the largest among the highlighted stocks. They also sold Rp 184 billion of DSSA and Rp 144.5 billion of ASII. Across the Indonesian market, foreign investors posted a total net sell of Rp 105.86 billion (Rp 107.13 billion in the regular market and a net buy of Rp 1.27 billion in the negotiation and cash market). Despite the outflows, the Jakarta Composite Index (IHSG) closed up 247.3 points, or 4.12%, at 6,254.9, with a total transaction value of Rp 30.11 trillion and 633 stocks advancing.","Foreign Investment, Bearish",negative
2026-07-20T05:43:00,"PT Astra International Tbk approves up to Rp 8 trillion share buyback, shares jump 6 percent",https://investasi.kontan.co.id/news/buyback-rp-8-t-bikin-harga-saham-blue-chip-ini-bangkit-pilih-belijual,"PT Astra International Tbk approves up to Rp 8 trillion share buyback, shares jump 6 percent PT Astra International Tbk (ASII) received shareholder approval at its extraordinary general meeting on 17 July 2026 to repurchase up to Rp 8 trillion of its own shares. The announcement lifted the blue‑chip stock 290 points, or about 6.03%, to Rp 5,100 per share, reversing a year‑to‑date decline of 23.88%. The buyback will be funded from internal cash, run over 12 months, and cannot exceed 10% of paid‑up capital or reduce the free‑float below 15%; Astra has already bought back 563.5 million shares across three periods, including 153.4 million shares for Rp 810.7 billion in the most recent phase. Analysts at Kiwoom Sekuritas Indonesia view the program as financially neutral and see a short‑term upside target of Rp 5,300 per share, citing a solid capital structure and strong operating cash flow.","Stock Buyback, Shareholders General Meeting, Capital & Funding, Analyst Ratings, Bullish",positive
2026-06-06T23:59:59,PT Provident Investasi Bersama Tbk records Rp 2.43 trillion net investment profit amid 35% YTD IHSG decline,https://investasi.kontan.co.id/news/ihsg-terpuruk-begini-kinerja-emiten-investasi,"PT Provident Investasi Bersama Tbk records Rp 2.43 trillion net investment profit amid 35% YTD IHSG decline PT Provident Investasi Bersama Tbk (PALM) posted a net investment profit of Rp 2.43 trillion as of March 2026, driven by its stakes in PT Merdeka Battery Materials Tbk (MBMA) valued at Rp 5.84 trillion and PT Merdeka Copper Gold Tbk (MDKA) valued at Rp 4.19 trillion. In contrast, PT Elang Mahkota Teknologi Tbk (EMTK) recorded a net investment loss of Rp 1.13 trillion in Q1 2026, PT Astra International Tbk (ASII)—whose diversification includes PT United Tractors as a main support—saw an outflow of Rp 485 billion from fair‑value adjustments, and PT Telkom Indonesia Tbk (TLKM) logged an unrealized loss of Rp 309 billion up to March 2026, with TLKM’s outlook tied to the InfraNexia spin‑off. PT Saratoga Investama Sedaya Tbk (SRTG) reported a 2025 net investment gain of Rp 4.13 trillion, its portfolio holding shares in PT Tower Bersama Infrastructure Tbk (TBIG), MDKA, PT Alamtri Resources Indonesia Tbk (ADRO) and PT Adaro Andalan Indonesia Tbk (AADI), and it targets annual new investments of US$100‑150 million in 2026. Analysts from Korea Investment & Sekuritas Indonesia recommended target prices of Rp 3,400 for TLKM, Rp 800 for EMTK and Rp 7,500 for ASII, noting that the broader IHSG fell 35.3% YTD to 5,594.76 points.","Financial Metrics, Analyst Ratings, Asset Management, Portfolio, Market Sentiment, Bullish",positive
2026-06-11T08:23:00,ASII plans Rp8 trillion share buyback as MKTR targets Rp1.39 trillion revenue,https://finance.detik.com/bursa-dan-valas/d-8527069/asii-buyback-rp-8-t-hingga-mktr-bidik-pendapatan-rp-1-39-t,"ASII plans Rp8 trillion share buyback as MKTR targets Rp1.39 trillion revenue ASII announced a share‑buyback program of up to Rp8 trillion, funded from its Q1‑2026 cash balance of Rp49.05 trillion. If fully executed, the buyback would reduce total assets from Rp517.80 trillion to Rp509.80 trillion and equity from Rp293.12 trillion to Rp285.12 trillion, while EPS is projected to rise from Rp146 to Rp149 per share. MKTR set a 2026 revenue target of Rp1.39 trillion, 12.09 % higher than the prior target, based on processing 336,400 tons of fresh fruit bunches and producing 73,292 tons of CPO and 15,031 tons of PK at an assumed average CPO price of Rp14,750 per kg. FORU intends to raise up to Rp27.65 trillion through a rights issue of 219.48 billion new shares at Rp126 each, using 76.81 % of net proceeds to acquire a 49 % stake in Borneo Prima from IMR Asia Holding Pte Ltd via inbreng. The acquisition and capital raise await shareholder approval at a RUPSLB scheduled for 16 July 2026, with the buyback to be approved on 17 July 2026 and executed between 20 July 2026 and 16 July 2027.","Stock Buyback, Rights Issue, Mergers & Acquisitions, Capital & Funding, Bullish",positive
2026-08-21T08:04:32,Foreign investors heavily sold large‑cap Indonesian stocks as the IHSG surged 1.68%,https://www.cnbcindonesia.com/market/20260820203648-17-761105/asing-ramai-ramai-jual-saham-ini-saat-ihsg-melesat,"Foreign investors heavily sold large‑cap Indonesian stocks as the IHSG surged 1.68% On Thursday 20 August 2026, foreign investors sold large‑cap Indonesian equities despite the Jakarta Composite Index (IHSG) rising 1.68% to 6,501.59 points. Total foreign purchases amounted to Rp5,354 trillion while sales were Rp4,674 trillion, leaving a net foreign buy of Rp680.5 billion. The biggest net sellers were PT Dian Swastatika Sentosa Tbk (Rp120.9 bn), PT Bank Mandiri (Persero) Tbk (Rp106.9 bn), PT GoTo Gojek Tokopedia Tbk (Rp58.5 bn), PT Merdeka Gold Resources Tbk (Rp55.3 bn), PT Bank Negara Indonesia (Persero) Tbk (Rp48.1 bn), PT Chandra Asri Pacific Tbk (Rp47.2 bn), PT Indosat Tbk (Rp42.6 bn), PT Astra International Tbk (Rp41.2 bn), PT Telkom Indonesia (Persero) Tbk (Rp41.0 bn) and PT Timah Tbk (Rp38.3 bn). Despite these sizable foreign outflows, the index closed higher, indicating broader market strength.","Foreign Investment, Market Sentiment, Bearish",neutral
2026-08-31T12:46:00,PT Astra International Tbk launches voluntary tender offer to acquire up to 5% of PT Astra Otoparts Tbk for up to Rp858.4 billion,https://investasi.kontan.co.id/news/astra-asii-rogoh-rp-858-miliar-borong-saham-auto-lewat-tender-sukarela,"PT Astra International Tbk launches voluntary tender offer to acquire up to 5% of PT Astra Otoparts Tbk for up to Rp858.4 billion PT Astra International Tbk announced a voluntary tender offer to increase its ownership in its subsidiary PT Astra Otoparts Tbk. The offer covers up to 238,442,293 shares, equal to 4.947% of AUTO’s paid‑up capital, at a price of Rp3,600 per share, for a maximum transaction value of Rp858.39 billion. The price represents a 35.57% premium over the 90‑day average of the highest daily trading price on the Indonesia Stock Exchange. ASII stressed that the transaction is a voluntary increase of its existing stake, not a new acquisition, and will not lead to delisting or a change in AUTO’s public‑company status. The announcement was made on Monday, 31 August 2026.","Mergers & Acquisitions, Ownership, Subsidiaries, Bullish",positive
2026-07-31T14:13:07,JP Morgan recommends accumulation of PT Astra International Tbk (ASII) citing strong automotive earnings despite a 26% profit decline.,https://investor.id/market/448619/seruan-akumulasi-asii-dari-jp-morgan-cuan-besar-menanti,"JP Morgan recommends accumulation of PT Astra International Tbk (ASII) citing strong automotive earnings despite a 26% profit decline. JP Morgan calls for investors to accumulate PT Astra International Tbk (ASII) after noting resilient automotive earnings. The bank reports ASII’s net profit fell 26% year‑on‑year to Rp6.7 trillion in Q2 2026, with first‑half profit down 22% to Rp12.5 trillion. Excluding the weaker performance of UNTR, JP Morgan estimates a core profit of Rp8 trillion, above the consensus of Rp7.3 trillion. The automotive segment posted a 19% rise in net profit to Rp3.5 trillion, and PT Astra Daihatsu Motor’s manufacturing margin improved to 7% from 5.5% a year earlier.","Analyst Ratings, Financial Metrics, Market Sentiment, Bullish",neutral
2026-08-31T19:29:00,Investment holding issuers report weak H1 2026 performance amid portfolio losses,https://investasi.kontan.co.id/news/kinerja-emiten-holding-investasi-masih-lesu-simak-prospeknya-di-semester-ii-2026,"Investment holding issuers report weak H1 2026 performance amid portfolio losses The article reports that major Indonesian investment holding companies posted deteriorated results in the first semester of 2026 due to market volatility affecting their equity portfolios. PT Provident Investasi Bersama Tbk recorded a net investment loss of IDR 670.61 billion and a net loss attributable to owners of IDR 881.69 billion, reversing a profit of IDR 587.36 billion a year earlier. PT Elang Mahkota Teknologi Tbk posted a net investment loss of IDR 2.28 trillion and a net loss of IDR 289.69 billion, compared with profits of IDR 1.31 trillion and IDR 4.25 trillion respectively in the same period of 2025. PT Saratoga Investama Sedaya Tbk saw net investment losses rise to IDR 4.83 trillion and a net loss of IDR 3.87 trillion, while PT Astra International Tbk reported a fair‑value loss on other investments of IDR 837 billion and an additional IDR 259 billion loss on group equity investments. The firms said they will maintain long‑term investment strategies and aim for a turnaround in semester II 2026.","Financial Metrics, Asset Management, Bearish",negative
2026-06-25T16:21:34,"PT Astra International Tbk shares surge 6% to Rp 4,920 as valuation metrics hit multi‑year lows",https://investor.id/market/444119/saham-astra-asii-kemurahan-mestinya-segini,"PT Astra International Tbk shares surge 6% to Rp 4,920 as valuation metrics hit multi‑year lows PT Astra International Tbk (ASII) closed up 6.03% at Rp 4,920 on Thursday, with 88.5 million shares traded amounting to Rp 430.52 billion. The stock’s price‑to‑book ratio fell to 0.86×, below the three‑year standard deviation of 0.9×, and its price‑earnings multiple slipped to 6.29×, both indicating relative cheapness. Mandiri Sekuritas issued a buy recommendation with a target price of Rp 7,000, while Verdhana Sekuritas highlighted a sharp rise in net profit to Rp 33 trillion and a three‑fold dividend increase to Rp 390 per share, noting a low total shareholder return of about 6% per year. The firm plans to sharpen its core automotive, financing, and heavy‑equipment/mining businesses to improve future financial performance and bridge the gap between TSR and earnings growth.","Financial Metrics, Analyst Ratings, Dividend Announcement, Bullish",positive
2026-07-05T08:48:00,"Foreign Net Sell Rp 3.27 Trillion in the Last Week, Spotlight on the Top‑Selling Indonesian Stocks",https://investasi.kontan.co.id/news/asing-net-sell-rp-327-triliun-sepekan-terakhir-cermati-saham-yang-banyak-diljual,"Foreign Net Sell Rp 3.27 Trillion in the Last Week, Spotlight on the Top‑Selling Indonesian Stocks Foreign investors recorded a net sell of Rp 3.27 trillion across the Indonesian market in the week ending 3 July 2026. The Jakarta Composite Index (IHSG) fell 0.35% to 5,875.78 over the week but rose 2.28% on Friday with a net foreign buy of Rp 6.04 billion. The biggest net‑selling stocks were PT Bank Rakyat Indonesia Tbk (Rp 751.41 billion), PT Bank Mandiri Tbk (Rp 600.75 billion), PT Bank Central Asia Tbk (Rp 459.4 billion), PT Astra International Tbk (Rp 312.82 billion), PT Telkom Indonesia Tbk (Rp 201.71 billion), PT Mitra Adiperkasa Tbk (Rp 155.55 billion), PT Bank Negara Indonesia Tbk (Rp 151.21 billion), PT Merdeka Gold Resources Tbk (Rp 151.03 billion), PT Bumi Resources Minerals Tbk (Rp 129.81 billion) and PT Adaro Andalan Indonesia Tbk (Rp 127.53 billion). These figures show foreign investors continued to unload shares of major banks and large‑cap firms despite the brief intraday rally on Friday.","Foreign Investment, Market Sentiment, Bearish",negative
2026-06-24T17:36:24,Prijono Sugiarto Buys Shares of Astra International,https://www.idx.co.id/StaticData/NewsAndAnnouncement/ANNOUNCEMENTSTOCK/From_KSEI/LK-24062026-8364-00.pdf-0.pdf,"Prijono Sugiarto Buys Shares of Astra International Insider Prijono Sugiarto purchased a total of 675,000 Astra International shares over June 22‑23 at an average price of approximately IDR 4,735 per share, amounting to a transaction value of IDR 3,196,200,000. The buy increased his holding from 4,501,300 to 5,176,300 shares, raising his ownership stake from 0.011% to 0.013% and is reported as an investment. This acquisition follows a series of insider purchases earlier in the year, including multiple buys in March and a recent 800,000‑share purchase by Djap Tet Fa on June 23, indicating continued insider accumulation in Astra International.",Insider Trading,positive
2026-07-01T07:50:00,Cermati recommends select Kompas 100 constituents for Semester II‑2026,https://investasi.kontan.co.id/news/cermati-rekomendasi-saham-pilihan-emiten-indeks-kompas-100-di-semester-ii-2026,"Cermati recommends select Kompas 100 constituents for Semester II‑2026 The article presents Cermati’s stock recommendations for Kompas 100 constituents for the second half of 2026, noting that the index has fallen 39.01% year‑to‑date versus the IHSG’s 34.74% decline. Analysts from PT Indo Premier Sekuritas and Phintraco Sekuritas argue that the steep correction makes valuations of blue‑chip stocks more attractive and that the market may enter a bottoming and accumulation phase. They highlight BBCA and BBNI in banking, TLKM in telecommunications, KLBF, MYOR and AMRT in consumer, ANTM and ASII in commodities/holdings, UNTR in mining services, and BMRI as the most compelling picks based on strong fundamentals, stable profit margins and potential re‑rating. The recommendations are supported by expectations of lower energy prices improving consumer margins, disciplined telecom pricing, solid banking earnings despite pressure on interest margins, and continued government spending and strategic projects.","Analyst Ratings, Government Policy, Financial Metrics, Bullish",positive
2026-06-02T13:13:21,"Foreign investors net sell Rp 121.65 billion of PT Astra International Tbk shares, pushing the stock down 2.8%",https://investor.id/stock/441149/manuver-asing-di-saham-asii,"Foreign investors net sell Rp 121.65 billion of PT Astra International Tbk shares, pushing the stock down 2.8% Foreign investors recorded a net sell of PT Astra International Tbk (ASII) shares worth Rp 121.65 billion in the first session on June 2, 2026, selling 24.81 million shares. The selling pressure drove ASII’s price down 2.8% to Rp 4,860, marking an 18.6% decline over the past month and a 27.4% drop year‑to‑date. Overall, 64.9 million ASII shares changed hands on the day, with total transaction value reaching Rp 318.3 billion across 19.3 thousand trades. CGS International Sekuritas Indonesia maintains a near‑term target of Rp 5,200‑5,400 and notes technical support between Rp 4,600‑4,800.","Foreign Investment, Market Sentiment, Bearish",negative
2026-06-24T08:40:00,"IHSG Faces Correction Pressure, Tests Support Around 6,000",https://emitennews.com/news/bursa-global-merah-ihsg-rawan-koreksi-hingga-uji-support-di-6000,"IHSG Faces Correction Pressure, Tests Support Around 6,000 The Jakarta Composite Index (IHSG) opened lower on Wednesday, closing at 6,101.33 after touching an intraday low of 5,993.04, with analysts warning that the index is vulnerable to a correction toward the 6,000‑5,960 support zone. Foreign investors recorded a net sell of Rp348.13 billion, raising the year‑to‑date net outflow to Rp84.22 trillion and concentrating selling pressure on BMRI, DSSA, NATO, BBCA and ASII. The sell‑off follows sharp declines on Wall Street, where the Nasdaq fell 2.2% to 25,587.04 and the S&P 500 slipped 1.4%, as well as a 7.9% drop in the Philadelphia Semiconductor Index amid AI demand concerns. The Rupiah weakened to around Rp17,952 per US dollar and the U.S. Dollar Index rose to 101.39, adding further pressure to the domestic market.","Currency & FX, Foreign Investment, Bearish",negative
2026-06-15T20:10:00,"Foreign investors net sell coal stocks, led by PT Bumi Resources Tbk, as Indonesia's IHSG rallies 4.12% on 15 June 2026",https://money.kompas.com/read/2026/06/15/201000126/jual-saham-emiten-batu-bara-asing-masih-net-sell-di-tengah-reli-ihsg,"Foreign investors net sell coal stocks, led by PT Bumi Resources Tbk, as Indonesia's IHSG rallies 4.12% on 15 June 2026 On Monday 15 June 2026 the Jakarta Composite Index (IHSG) closed at 6,255, up 247 points or 4.12% amid a strong rally. Despite the rally, foreign investors recorded a net sell of Rp 107 billion, with the biggest outflows in coal‑related stocks: PT Bumi Resources Tbk sold Rp 336 billion, PT Dian Swastatika Sentosa Tbk Rp 184 billion and PT Astra International Tbk Rp 145 billion, while they also divested from PT Darma Henwa Tbk (Rp 115 billion) and PT Bumi Resources Minerals Tbk (Rp 75 billion). On the buying side, foreign investors accumulated banking and conglomerate shares, led by PT Bank Mandiri Tbk with a net purchase of Rp 543 billion, followed by PT Chandra Asri Pacific Tbk (Rp 396 billion) and PT Bank Central Asia Tbk (Rp 204 billion), and added positions in PT Aneka Tambang Tbk (Rp 163 billion) and PT Bank Negara Indonesia Tbk (Rp 89 billion). Trading volume reached 54.61 billion shares across 3.25 million transactions, and total market capitalization on the Indonesia Stock Exchange rose to Rp 10,927 trillion.","Foreign Investment, Commodities, Bearish",neutral
2026-07-10T08:17:45,"Foreign investors dump shares, with PT Bank Rakyat Indonesia (Persero) Tbk, PT Mitra Adiperkasa Tbk and PT Astra International Tbk among top net‑sell stocks as the IHSG rises",https://investor.id/market/445962/asing-gencar-jual-saham-ini-ditendang,"Foreign investors dump shares, with PT Bank Rakyat Indonesia (Persero) Tbk, PT Mitra Adiperkasa Tbk and PT Astra International Tbk among top net‑sell stocks as the IHSG rises On Thursday 9 July 2026 foreign investors posted a net sell of Rp 259.3 billion across the Indonesian market while the Jakarta Composite Index (IHSG) rose 39.07 points (0.67%) to 5,912.4 at the close. The heaviest foreign outflows were in PT Bank Rakyat Indonesia (Persero) Tbk with a net sell of Rp 191.4 billion, followed by PT Mitra Adiperkasa Tbk at Rp 129.9 billion and PT Astra International Tbk at Rp 51.6 billion. Net selling in the regular market amounted to Rp 352.3 billion, offset by net buying of Rp 92.9 billion in the negotiation and cash segments. Overall, 338 stocks advanced, 296 fell and 330 were unchanged, with total transaction value reaching Rp 12.05 trillion.","Foreign Investment, Bearish",negative
2026-08-27T07:07:00,Foreign investors net bought ten Indonesian stocks as the IDX Composite fell 1.48%,https://money.kompas.com/read/2026/08/27/070700026/10-saham-yang-diborong-asing-saat-ihsg-anjlok-1-48-persen,"Foreign investors net bought ten Indonesian stocks as the IDX Composite fell 1.48% The article reports that despite the IDX Composite (IHSG) dropping 1.48% to 6,405.69 points on 26 August 2026, foreign investors recorded a net purchase of about Rp 1.37 trillion in Indonesian equities. The ten stocks with the largest foreign net buys were PT Bank Central Asia Tbk, BMRI, EXCL, MDKA, DSSA, ICBP, PSAB, BRMS, ADRO and ASII. Foreign net buying amounts ranged from Rp 1.41 trillion for DSSA down to Rp 15.8 billion for ASII, with PT Bank Central Asia Tbk receiving Rp 80.82 billion. The market saw 583 stocks decline, total volume of 41.53 billion shares and transaction value of Rp 17.97 trillion, while sector indices fell between 0.73% and 4.15%.","Foreign Investment, Market Sentiment, Bullish",neutral
2026-09-01T08:59:00,ASII launches tender offer for AUTO as PEHA reports H1 2026 profit of Rp14.97 bn,https://finance.detik.com/bursa-dan-valas/d-8642873/asii-mau-tambah-saham-auto-sementara-peha-raup-laba-rp-14-97-miliar,"ASII launches tender offer for AUTO as PEHA reports H1 2026 profit of Rp14.97 bn ASII announced a voluntary tender offer to increase its stake in PT Astra Otoparts Tbk (AUTO) while PT Phapros Tbk (PEHA) disclosed its first‑half 2026 earnings. The tender will allow ASII to buy up to 238.44 million AUTO shares (4.94% of paid‑up capital) at Rp3,600 per share, valuing the transaction at up to Rp858.39 billion and potentially raising its ownership from about 80% to 84.94%, leaving a public float of roughly 15.05%. PEHA posted a net profit of Rp14.97 billion in H1 2026, up from Rp2.45 billion a year earlier, with net sales of Rp482.85 billion (up 5.37% YoY), a COGS ratio reduced to 49% from 52% and a gross margin improvement to 50.4%. KAQI expanded its network by opening a second Surabaya West branch on 29 August 2026, investing Rp5.8 billion in capex under a 12‑year lease, targeting a 28‑month payback and a contribution of up to 10.5% of consolidated revenue by year‑end 2026.","Ownership, Mergers & Acquisitions, Financial Metrics, Bullish",positive
2026-08-06T06:30:00,"President Commissioner of PT Astra International Tbk buys 51,300 ASII shares",https://market.bisnis.com/read/20260806/192/1994067/komisaris-astra-borong-51300-saham-asii,"President Commissioner of PT Astra International Tbk buys 51,300 ASII shares President Commissioner Prijono Sugiarto of PT Astra International Tbk purchased 51,300 shares of ASII. The purchase was executed on 3 August 2026 at Rp5,073 per share, amounting to roughly Rp260.24 million and raising his holding to 5,587,100 shares (0,0138% of total). On 5 August 2026 ASII shares fell 1.95% to Rp5,025, while the company reported first‑half 2026 net profit of Rp12.53 trillion (‑19% YoY) and revenue of Rp157.91 trillion (‑3% YoY).","Ownership, Financial Metrics, Market Sentiment, Bearish",negative
2026-09-22T19:01:00,"IHSG slides 1.69% to 6,277; analysts' stock picks for Wednesday (23/9)",https://investasi.kontan.co.id/news/ihsg-ambles-169-ke-6277-cermati-saham-pilihan-analis-untuk-rabu-239,"IHSG slides 1.69% to 6,277; analysts' stock picks for Wednesday (23/9) The Jakarta Composite Index (IHSG) fell 1.69% (107.68 points) to 6,277.04 on Tuesday, prompting analysts to highlight select stocks for Wednesday trading. PT Dian Swastatika Sentosa Tbk (DSSA) closed down 4.39% at Rp 980, with support at Rp 920 and resistance at Rp 1,115, and analysts recommended a buy on a technical rebound. PT Sarana Menara Nusantara Tbk (TOWR) slipped 2.42% to Rp 404, with support around Rp 386–Rp 394 and a target resistance of Rp 430, suggesting a buy‑on‑weakness strategy if price holds above support. PT Astra International Tbk (ASII) declined 0.83% to Rp 4,780, with support at Rp 4,720 and resistance at Rp 4,990, and analysts advised holding pending confirmation of momentum improvement.","Analyst Ratings, Bearish",neutral
2026-08-31T05:40:00,"Astra International to spend up to Rp858.39 billion buying additional Astra Otoparts shares at Rp3,600 each",https://market.bisnis.com/read/20260831/192/1999954/astra-asii-siap-borong-saham-auto-di-rp3600-total-rp85839-miliar,"Astra International to spend up to Rp858.39 billion buying additional Astra Otoparts shares at Rp3,600 each Astra International announced a voluntary tender offer to purchase up to 238.44 million shares of Astra Otoparts at Rp3,600 per share. The offer represents up to 4.947% of AUTO’s issued capital, valued at a maximum of Rp858.39 billion, and would raise ASII’s ownership from 80% (3.86 billion shares) to up to 84.947% (4.09 billion shares). The price includes a 35.57% premium over the 90‑day average high price, while AUTO’s share price was Rp3,400 on 28 Aug 2026, up 26.39% year‑to‑date. ASII, the controlling shareholder of AUTO, appointed PT Trimegah Sekuritas Indonesia to conduct the crossing transaction on the Indonesia Stock Exchange with settlement through KSEI, and affirmed that the tender will not alter control or lead to delisting.","Ownership, Mergers & Acquisitions, Bullish",positive
2026-06-25T22:38:00,IHSG climbs 1.96% as foreign investors net buy PT DIan Swastatika Sentosa Tbk the most,https://investasi.kontan.co.id/news/ihsg-melonjak-196-ke-5999-cermati-saham-net-buy-terbesar-asing-kamis-256,"IHSG climbs 1.96% as foreign investors net buy PT DIan Swastatika Sentosa Tbk the most The Indonesia Composite Index (IHSG) closed up 1.96% at 5,999.03, rebounding after three days of decline with gains across all sectors; infrastructure led with a 3.81% rise. Trading activity reached 22.24 billion shares, valued at Rp13.49 trillion. Foreign investors were net buyers of ten stocks, led by PT DIan Swastatika Sentosa Tbk with Rp80.72 billion, followed by PT Chandra Asri Pacific Tbk (Rp64.7 billion), PT Bank Aladin Syariah Tbk (Rp59.2 billion), PT Astra International Tbk (Rp53.6 billion), PT Aneka Tambang Tbk (Rp53.6 billion), PT Barito Pacific Tbk (Rp11.93 billion), PT Rukun Raharja Tbk (Rp11.37 billion), PT Buana Lintas Lautan Tbk (Rp10.54 billion), PT Sumber Alfaria Trijaya Tbk (Rp10.36 billion) and PT Unilever Indonesia Tbk (Rp6.0 billion). The broad‑based rally pushed the index close to the 6,000 level.","Foreign Investment, Market Sentiment, Bullish",positive
2026-07-14T07:45:31,"IHSG projected to continue rising on Tuesday, 14 July",https://www.cnnindonesia.com/ekonomi/20260714064733-92-1380366/ihsg-diprediksi-lanjut-ngegas-hari-ini,"IHSG projected to continue rising on Tuesday, 14 July The MNC Sekuritas technical analyst projects the Indonesia Composite Stock Index (IHSG) to keep advancing on Tuesday, 14 July. The index closed at 6,037 on Monday, up 1.92% (113.48 points) with buying volume and a break above the 20‑day moving average. The analyst expects IHSG to test the 6,083‑6,254 range, with support at 5,839‑5,607 and resistance at 6,286‑6,599, citing a wave‑c pattern within a triangle formation. He also recommends the stocks ADMR, ANTM, ASII and BRMS, while noting that nine of eleven sectors rose, led by energy (+2.5%) and health lagged (‑0.4%).",Market Sentiment,positive
2026-06-03T23:59:59,Manufacturing PMI rise lifts ASII as top recommendation amid broader sector gains,https://investasi.kontan.co.id/news/pmi-manufaktur-indonesia-mulai-mendaki-cek-efeknya-ke-emiten,"Manufacturing PMI rise lifts ASII as top recommendation amid broader sector gains S&P Global's Indonesia manufacturing PMI rose to 50.0 in May 2026 from 49.1, moving the sector from contraction to expansion. Investment specialist Yazid Muamar highlighted that the improvement could benefit automotive and component makers such as ASII, IMAS and VKTR, as well as consumer goods firms ICBP, INDF and MYOR, and logistics and raw‑material issuers ASSA, SMDR and TMAS. He recommended ASII with a long‑term target price of Rp 7,300 per share, while Sinarmas Sekuritas analyst Ike Widiawati flagged ICBP and SMSM as watch‑list stocks, noting SMSM’s stable high net‑profit margin supported by exports covering about 70% of sales to more than 100 countries and ICBP’s strong operational cash flow and foreign‑exchange revenue from its subsidiary. Both analysts warned that higher import costs and a weaker rupiah could pressure earnings despite the PMI boost.","Analyst Ratings, Business Expansion, Export, Import, Currency & FX, Bullish",positive
2026-07-01T21:02:00,Buyback actions fail to boost stock performance of Indonesian issuers,https://investasi.kontan.co.id/news/aksi-buyback-belum-mampu-mengungkit-performa-saham-emiten,"Buyback actions fail to boost stock performance of Indonesian issuers The article argues that recent share‑buyback programs have not been able to improve the stock price performance of Indonesian issuers. It cites PT GoTo Gojek Tokopedia Tbk, which allocated up to Rp 3 trillion for a buyback from 19 June 2026 to 18 June 2027, yet its share price stayed at Rp 50. PT Telkom Indonesia Tbk allocated Rp 4 trillion for a buyback (9 June 2026‑8 June 2027) and its price fell from Rp 2,760 on 8 June 2026 to Rp 2,440 at the close of 1 July 2026; PT Bank Central Asia Tbk (Rp 5 trillion allocation) and PT Astra International Tbk (Rp 2 trillion allocation, Rp 810.7 billion repurchased March‑June 2026) also showed weak or declining prices. Analysts quoted note that buybacks mainly aim to curb price declines and signal undervaluation, but macro‑level sentiment and foreign outflows dominate price movements. The piece highlights MBMA and MYOR as buyback cases that have shown relatively better price resilience, suggesting that strong fundamentals are needed for buybacks to add value.","Stock Buyback, Market Sentiment, Foreign Investment, Bearish",negative
2026-06-30T20:09:00,Foreign Investors Dump Rp 766.36 billion of PT Bank Central Asia Tbk Shares in Late June 2026,https://investasi.kontan.co.id/news/asing-net-sell-jumbo-rp-1-triliun-cek-saham-yang-banyak-dilego-di-akhir-juni-2026,"Foreign Investors Dump Rp 766.36 billion of PT Bank Central Asia Tbk Shares in Late June 2026 Foreign investors recorded a net sell of Rp 1.04 trillion on Tuesday 30 June 2026, with the ten most heavily sold stocks being PT Bank Central Asia Tbk (Rp 766.36 billion), PT Bank Rakyat Indonesia Tbk (Rp 225.71 billion), PT Bank Mandiri Tbk (Rp 157.71 billion), PT Astra International Tbk (Rp 88.63 billion), PT Adaro Andalan Indonesia Tbk (Rp 59.36 billion), PT Telkom Indonesia Tbk (Rp 51.13 billion), PT Bumi Resources Minerals Tbk (Rp 45.2 billion), PT Bank Negara Indonesia Tbk (Rp 28.44 billion), PT Alamtri Resources Indonesia Tbk (Rp 19.01 billion) and PT Japfa Comfeed Indonesia Tbk (Rp 17.18 billion). The broader market reflected the pressure as the Indonesia Stock Exchange composite index (IHSG) fell 3.05% (177 points) to 5,643.19, marking a third consecutive day of decline. Trading volume reached 22.72 billion shares with a transaction value of Rp 15.33 trillion, while 564 stocks declined, 136 rose and 99 remained unchanged.","Foreign Investment, Market Sentiment, Bearish",negative
2026-07-21T19:37:07,"Foreign investors post biggest net purchase of PT Dian Swastatika Sentosa Tbk (DSSA) on July 21, 2026",https://investor.id/market/447366/giliran-saham-dssa-grup-sinar-mas-jadi-sasaran-utama,"Foreign investors post biggest net purchase of PT Dian Swastatika Sentosa Tbk (DSSA) on July 21, 2026 Foreign investors made a net purchase of Rp 263.6 billion in PT Dian Swastatika Sentosa Tbk (DSSA) on Tuesday, 21 July 2026, the largest foreign net buy among Indonesian stocks that day. The DSSA inflow was followed by a Rp 91.7 billion net buy in PT Antam Tbk (ANTM), while foreign investors sold Rp 61.3 billion of PT Astra International Tbk (ASII) and Rp 51.9 billion of PT Bumi Resources Tbk (BUMI). Across the market, foreign investors recorded a net purchase of Rp 30.7 billion on the day, against a year‑to‑date foreign net sell total of Rp 75.5 trillion. DSSA, described as the consolidator of Grup Sinar Mas’s telecom and technology businesses, plans to acquire 35 % of PT Ketrosden Triasmitra Tbk (KETR) at Rp 523 per share as it seeks to reduce dependence on its coal business PT Golden Energy Mines Tbk (GEMS).","Foreign Investment, Mergers & Acquisitions, Bullish",positive
2026-09-04T06:35:00,"IHSG Breaks 6,650, BRI Danareksa Sekuritas Recommends Three Stocks to Buy",https://investasi.kontan.co.id/news/ihsg-tembus-6650-bri-danareksa-rekomendasikan-3-saham-untuk-dibeli,"IHSG Breaks 6,650, BRI Danareksa Sekuritas Recommends Three Stocks to Buy The Jakarta Composite Index (IHSG) rose 1.09% to 6,667.89 on Thursday 3 September 2026, breaking the 6,650 resistance level, according to BRI Danareksa Sekuritas. The rally was supported by net foreign buying of Rp 1.07 trillion and by big‑cap stocks BBCA, ASII, BMRI, AMMN, CPIN and BBRI. BRI Danareksa Sekuritas issued buy recommendations for PT Bank Central Asia Tbk (target 6,600–6,750, support 6,400, stop‑loss below 6,500), PT PP London Sumatra Indonesia Tbk (target 1,620–1,650, support 1,610, stop‑loss below 1,600) and PT Archi Indonesia Tbk (target 1,300–1,335, support 1,290, stop‑loss below 1,290). It also advised a sell position on PT Solusi Environment Asia Tbk with a last price of 326 and next support at 297–273","Analyst Ratings, Foreign Investment, Bullish",positive
2026-07-14T16:19:00,"Analysts view PT Astra International Tbk's outlook as still attractive and issue a buy rating with a target of Rp6,850",https://investasi.kontan.co.id/news/prospek-astra-international-asii-dinilai-masih-menarik-ini-rekomendasi-analis,"Analysts view PT Astra International Tbk's outlook as still attractive and issue a buy rating with a target of Rp6,850 The article assesses the outlook of PT Astra International Tbk, concluding that its prospects remain attractive despite slower growth than the broader automotive sector. Astra’s vehicle sales rose 10% YoY to 222,371 units in the first half of 2026, giving the group a 50% market share while the national automotive market expanded 16% YoY to 436,567 units. Analysts project earnings per share to grow 28.4% annually from 2026 to 2028, value the shares at a forward P/E of about 7.2×, and recommend a buy rating with a target price of Rp6,850 per share, supported by a planned share buyback of up to Rp8 trillion and a dividend payout ratio of 45‑50%. They note upside from low‑interest financing for Toyota and Daihatsu, new model launches and diversification into heavy equipment, agribusiness and infrastructure, but warn that high base effects, an elevated BI rate of 5.75%, a weakening rupiah and competition from Chinese electric‑vehicle makers could pressure margins and demand.","Analyst Ratings, Stock Buyback, Business Expansion, Interest Rate, Currency & FX, Bullish",positive
2026-06-09T08:42:32,"PT Astra International Tbk shares fall 4.6% as foreign investors turn net buyers, MNC Sekuritas recommends buy on weakness",https://investor.id/stock/441976/emiten-labanya-rp-58-t-satu-kuartal-pbv-di-bawah-1-diserok,"PT Astra International Tbk shares fall 4.6% as foreign investors turn net buyers, MNC Sekuritas recommends buy on weakness PT Astra International Tbk (ASII) closed down 4.60% at Rp 4,360 on June 8, 2026, extending a red‑zone streak since May 26 and marking a 25.15% decline over the past month. Foreign investors recorded a net purchase of Rp 10.78 billion, trading 85.46 million shares across 17,400 transactions for a total value of Rp 377.55 billion. MNC Sekuritas noted the correction and projected further downside to Rp 4,260‑4,360, recommending a “buy on weakness” position with target prices of Rp 4,690 and Rp 4,960 and a stop‑loss below Rp 4,180. The company reported Q1‑2026 net profit attributable to the parent of Rp 5.85 trillion, with valuation multiples of 0.76 × PBV and 5.57 × PER (TTM).","Analyst Ratings, Foreign Investment, Financial Metrics, Market Sentiment, Bullish",neutral
2026-09-25T15:14:33,Djap Tet Fa Buys Shares of Astra International,https://www.idx.co.id/StaticData/NewsAndAnnouncement/ANNOUNCEMENTSTOCK/From_KSEI/LK-25092026-9217-00.pdf-0.pdf,"Djap Tet Fa Buys Shares of Astra International Djap Tet Fa, an insider of Astra International (ASII.JK), purchased 500,000 shares at IDR 4,769 per share on September 24, 2026, for a total of IDR 2,384,500,000, raising his holding to 4,000,000 shares (0.010% of the company) from 3,500,000 shares (0.009%). The buy follows recent insider purchases, including a 4.4 million‑share acquisition by Rudy on September 23 and multiple smaller buys by Prijono Sugiarto, indicating continued accumulation by company insiders.",Insider Trading,positive
2026-08-31T17:05:00,"IHSG projected sideways‑bearish for September 2026 with key support at 6,400‑6,500 and stock picks from Phintraco and Sucor Sekuritas",https://investasi.kontan.co.id/news/ihsg-diproyeksi-sideways-bearish-di-september-2026-cek-rekomendasi-sahamnya,"IHSG projected sideways‑bearish for September 2026 with key support at 6,400‑6,500 and stock picks from Phintraco and Sucor Sekuritas The article projects Indonesia’s composite index (IHSG) to trade sideways‑bearish in September 2026, likely ranging between 6,400 and 6,700 points with support at 6,400‑6,500 and resistance near 6,700. Analysts cite a forward P/E of 9.8×, a stable BI‑Rate of 5.75%, and a 1.11% rupiah appreciation to Rp17,876/USD as factors supporting a modest outlook, while historical September performance shows an average gain of only 0.02% over 20 years and a 10‑year average loss of 0.94%. Phintraco Sekuritas analyst Alrich Paskalis Tambolang recommends BBCA, BMRI, TLKM, ASII and PGEO with target prices of Rp6,800, Rp4,500, Rp2,800, Rp5,300 and Rp1,150 respectively. Sucor Sekuritas manager Hendry Wijaya suggests BRMS, INET, VKTR, TAPG, TINS and PTRO with target‑price ranges and cut‑loss levels as listed. The MSCI rebalancing effective 1 September, which removed several small‑cap stocks and re‑classified GOTO and CPIN, is noted but not expected to drive a sharp index decline.","Analyst Ratings, Market Sentiment, Global Index, Bearish",neutral
2026-07-16T18:21:00,"IHSG projected to gain modestly on Friday, led by BMRI, BBRI, AMMN and ASII",https://investasi.kontan.co.id/news/ihsg-diproyeksikan-menguat-terbatas-pada-perdagangan-jumat-177,"IHSG projected to gain modestly on Friday, led by BMRI, BBRI, AMMN and ASII The article projects the Indonesia Composite Index (IHSG) to edge higher on Friday, citing limited upside with support around 6,086–6,050 and resistance near 6,121–6,150. Gains are attributed to large‑cap bank stocks BMRI, BBRI and industrial names AMMN and ASII, which lifted the index after a 1.10% rise to 6,108.20 on Thursday. Analysts also recommend buying INCO, ISAT, OASA, ANTM, ARTO and ARCI within specified target price ranges. The outlook is supported by a 27.4% YoY rise in Q2 2026 FDI to Rp 257.7 trillion and a 0.3% MoM decline in US PPI, while market participants watch US retail sales and rupiah movements.","Analyst Ratings, Foreign Investment, Currency & FX, Bullish",neutral
2026-07-21T18:54:00,"Indonesia's IHSG closes up 1.74% as foreign investors accumulate shares in PT Dian Swastatika Sentosa Tbk, PT Aneka Tambang Tbk, and PT Bank Mandiri Tbk",https://money.kompas.com/read/2026/07/21/185413426/ihsg-ditutup-melonjak-174-persen-asing-akumulasi-saham-dssa-antm-hingga-bmri,"Indonesia's IHSG closes up 1.74% as foreign investors accumulate shares in PT Dian Swastatika Sentosa Tbk, PT Aneka Tambang Tbk, and PT Bank Mandiri Tbk On July 21, 2026, Indonesia's IHSG closed up 1.74% (108 points) at 6,340,020 as foreign investors recorded a net buy of Rp 360 billion, led by PT Dian Swastatika Sentosa Tbk (Rp 264 billion), PT Aneka Tambang Tbk (Rp 92 billion), PT Petrosea Tbk (Rp 81 billion), PT Bukit Uluwatu Villa Tbk (Rp 66 billion) and PT Bank Mandiri Tbk (Rp 62 billion). The same investors sold net Rp 242 billion of shares, chiefly in PT Astra International Tbk (Rp 61 billion), PT Bumi Resources Tbk (Rp 52 billion), PT Amman Mineral Internasional Tbk (Rp 48 billion), PT Bakrie & Brothers Tbk (Rp 47 billion) and PT Telkom Indonesia Tbk (Rp 34 billion), while total market volume reached 51,103 billion shares worth Rp 21,593 trillion.","Foreign Investment, Bullish",positive
2026-07-16T11:05:00,Astra International to Transfer 100 Million Treasury Shares to Management Share Ownership Program ahead of Extraordinary Shareholders Meeting,https://market.bisnis.com/read/20260716/192/1988537/astra-asii-alihkan-100-juta-saham-buyback-untuk-msop-rupslb-digelar-besok,"Astra International to Transfer 100 Million Treasury Shares to Management Share Ownership Program ahead of Extraordinary Shareholders Meeting Astra International announced it will allocate up to 100 million treasury shares, sourced from its third‑phase buyback, to its Management Share Ownership Program (MSOP). The transfer will be approved at an Extraordinary General Meeting of Shareholders (RUPSLB) scheduled for 17 July 2026, following the information filing on 15 July 2026. The 100 million shares come from the 153.42 million shares repurchased between 16 March and 15 June 2026, part of a cumulative 563.49 million‑share buyback across three periods (305.21 m, 104.85 m, 153.42 m). Execution price will follow Astra’s market price on the Indonesia Stock Exchange at each transfer stage, with no lock‑up provisions, and eligibility will be screened by the Nomination and Remuneration Committee.","Stock Buyback, Ownership, Shareholders General Meeting, Capital & Funding, Neutral",positive
2026-08-03T07:06:55,"Mandiri Sekuritas maintains buy on PT Astra International Tbk with target Rp 7,000 as foreign investors net buy and PBV stays below 1",https://investor.id/market/448831/saham-pbv-di-bawah-1-tetiba-dilahap-diramal-naik-ke-rp-7000,"Mandiri Sekuritas maintains buy on PT Astra International Tbk with target Rp 7,000 as foreign investors net buy and PBV stays below 1 Mandiri Sekuritas kept its buy recommendation on PT Astra International Tbk (ASII) and set a target price of Rp 7,000, noting the stock's price-to-book value (PBV) of 0.90. On 31 July 2026 the share price jumped 3.03% to Rp 5,100 after foreign investors recorded a net buy of Rp 23.53 billion, trading 46.14 million shares. The broker highlighted a price‑earnings ratio (PER) of 8.24, a market capitalization of Rp 206.46 trillion and a 12.83% monthly price gain. Despite a 19% year‑on‑year decline in first‑half net profit to Rp 12.4 trillion, core profit excluding non‑recurring United Tractors charges reached Rp 14.9 trillion, supporting the optimistic outlook.","Analyst Ratings, Foreign Investment, Financial Metrics, Market Sentiment, Bullish",neutral
2026-08-03T19:03:00,Majority of LQ45 Index constituents post solid performance in H1 2026,https://investasi.kontan.co.id/news/mayoritas-emiten-di-indeks-lq45-raih-kinerja-apik-pada-semester-i-2026,"Majority of LQ45 Index constituents post solid performance in H1 2026 The majority of LQ45 Index constituents delivered solid financial results in the first half of 2026. PT Petrindo Jaya Kreasi Tbk (CUAN) posted the highest net‑profit growth at 919.58% YoY to US$19.78 million, followed by PT Indika Energy Tbk (INDY) with 354% YoY and PT Vale Indonesia Tbk (INCO) with 313.4% YoY. Six constituents—PT Astra International Tbk (ASII), PT United Tractors Tbk (UNTR), PT Indofood CBP Sukses Makmur Tbk (ICBP), PT Indofood Sukses Makmur Tbk (INDF), PT Barito Pacific Tbk (BRPT) and PT Kalbe Farma Tbk (KLBF)—recorded lower net profit, while banks BBCA, BMRI and BBTN posted net profits of roughly IDR 29.5 trillion, IDR 30.4 trillion and a 41% YoY increase respectively. Equity research analyst Alrich Paskalis highlighted continued credit growth and commodity‑price support and issued buy recommendations on BMRI, BBCA, AMRT, CPIN and KLBF with target prices of IDR 4,900, 7,000, 1,500‑1,600, 4,000 and 1,000 per share.","Analyst Ratings, Financial Metrics, Bullish",positive
2026-07-29T18:47:00,"IDX Value30 Outperforms IHSG in the Last Month, Here's Why",https://investasi.kontan.co.id/news/kinerja-idx-value30-ungguli-ihsg-dalam-sebulan-terakhir-ini-sebabnya,"IDX Value30 Outperforms IHSG in the Last Month, Here's Why The article explains that the IDX Value30 index, which comprises low‑valuation stocks with good liquidity and financial health, gained 6.36% to 115.33 over the past month, surpassing the broader IHSG’s 4.65% rise. Analysts attribute the outperformance to risk already being priced in after a long correction, a rotation from growth to value stocks, and expectations of stable macro conditions such as potential Fed rate cuts and a steady rupiah. They highlight several IDX Value30 constituents as attractive buys, recommending BMRI (target Rp 6,200), BBCA (target Rp 8,600), ICBP (target Rp 11,500), INDF, ANTM (target Rp 4,900) and ASII (target Rp 6,850), noting dividend yields above 5% and, for ANTM, exposure to gold prices above US$4,000 per ounce. The analysts caution that while the index benefits from lower downside risk, it remains vulnerable to systemic sell pressure from geopolitical or economic crises.","Analyst Ratings, Bullish",positive
2026-08-06T09:05:00,"MNC Sekuritas recommends ADRO, ASII, BKSL and EXCL as IHSG eyes 6,403‑6,420 range on Thursday, Aug 6 2026",https://market.bisnis.com/read/20260806/189/1994068/rekomendasi-saham-dan-pergerakan-ihsg-hari-ini-kamis-6-agustus-2026,"MNC Sekuritas recommends ADRO, ASII, BKSL and EXCL as IHSG eyes 6,403‑6,420 range on Thursday, Aug 6 2026 MNC Sekuritas issued stock recommendations for ADRO, ASII, BKSL and EXCL as the Jakarta Composite Index (IHSG) prepared to move toward the 6,403‑6,420 technical zone on Thursday, 6 August 2026. The index had closed up 0.50% at 6,351 on 5 August, with support at 6,201/6,029 and resistance at 6,377/6,454, while analysts project a short‑term target of 6,403‑6,420 and an August range of 6,050‑6,450. ADRO rose 1.19% to 2,550 and sits in wave v of wave (c) of wave [v]; ASII fell 1.95% to 5,025, remaining above MA20 in wave (v) of wave A of wave B; BKSL gained 4.35% to 72, trading above MA60 in wave [v] of wave C; EXCL advanced 1.99% to 2,560, positioned in wave [i] of wave C. The recommendations follow a historically strong August performance for the index, with an average 2.83% gain since 2020, though analysts note risks from a possible Bank Indonesia governor succession and US economic data.","Analyst Ratings, Market Sentiment",neutral
2026-06-26T06:00:00,Astra International executives purchase millions of shares as performance outlook improves,https://market.bisnis.com/read/20260626/7/1983327/sinyal-pemulihan-kinerja-di-balik-aksi-petinggi-astra-borong-saham-asii,"Astra International executives purchase millions of shares as performance outlook improves PT Astra International Tbk saw two senior executives buy shares in June 2026, with Komisaris Prijono Sugiarto acquiring 875,000 shares for about Rp4.15 billion and Direktur Djap Tet Fa purchasing 3 million shares for roughly Rp14.52 billion, raising their voting‑right holdings to 0,0128% and 0,0074% respectively. The insider buying coincides with the stock trading at Rp4,920 per share, down 26.57% year‑to‑date but up 3.14% over the past five days, and analysts at Indo Premier Sekuritas maintain a buy rating with a target price of Rp5,800 and anticipate a 5‑8% core net‑profit increase for FY2027‑2028. The outlook is supported by expected relaxation of the coal RKAB policy, which should benefit PT United Tractors Tbk’s mining equipment business, and by a robust May 2026 vehicle‑sales rebound that gave Astra Group a 56% market share with 38,768 wholesale units. The company also plans an Rp8 trillion share‑buyback program, further underpinning the positive momentum.","Insider Trading, Analyst Ratings, Stock Buyback, Bullish",positive
2026-08-14T17:44:00,Understanding Stock Buybacks: Potential Benefits and Risks for Investors,https://market.bisnis.com/read/20260814/7/1996438/memahami-buyback-saham-efeknya-positif-atau-beri-risiko-ke-investor,"Understanding Stock Buybacks: Potential Benefits and Risks for Investors The article explains what a stock buyback is, the regulatory framework set by OJK, and how buybacks can affect investors positively or negatively. It notes that issuers may use buybacks to stabilize share prices, improve earnings per share, and manage capital structure, while also highlighting risks such as reduced free‑float and limited long‑term growth. Recent examples include PT Bank Negara Indonesia Tbk planning a buyback of up to Rp627 billion with transaction costs up to 0.30%, PT Dayamitra Telekomunikasi Tbk completing a Rp35.94 billion buyback of 69,777,200 shares at Rp515 each (settlement 17 July 2026), and PT Astra International Tbk undertaking an Rp8 trillion buyback that will not exceed 10 % of paid‑up capital and will keep free float above 15 %. These actions illustrate how Indonesian listed companies are applying OJK‑approved buyback mechanisms to address market volatility while balancing shareholder value and regulatory limits.","Stock Buyback, OJK, Risk & Compliance, Neutral",positive
2026-06-19T21:55:00,PT Bank Central Asia Tbk and PT Bank Negara Indonesia Tbk Lead Foreign Net Buying as Indonesia Market Rebounds,https://investasi.kontan.co.id/news/bbca-dan-bbni-teratas-cermati-saham-yang-banyak-diborong-asing-akhir-pekan-ini,"PT Bank Central Asia Tbk and PT Bank Negara Indonesia Tbk Lead Foreign Net Buying as Indonesia Market Rebounds The Jakarta Stock Exchange (BEI) index closed at 6,177.13, up 0.07% (4.79 points) on Friday, marking a weekly gain of 4.95% despite a brief red zone. Foreign investors recorded a net sell of Rp 3.19 trillion across the market but posted a net buy of Rp 2.35 trillion for the week. The largest foreign net‑buy positions on the day were in PT Bank Central Asia Tbk with Rp 336.43 billion, followed by PT Bank Negara Indonesia Tbk with Rp 44.04 billion and PT Merdeka Copper Gold Tbk with Rp 41.83 billion. Other notable net‑buy stocks included PT Mayora Indah Tbk (Rp 34.7 billion), PT Indofood CBP Sukses Makmur Tbk (Rp 9.28 billion), PT Astra International Tbk (Rp 8.4 billion), PT Indofood Sukses Makmur Tbk (Rp 7.94 billion), PT GoTo Gojek Tokopedia Tbk (Rp 6.41 billion), PT MNC Digital Entertainment Tbk (Rp 4.88 billion) and PT Indosat Tbk (Rp 4.27 billion).","Foreign Investment, Market Sentiment, Bullish",positive
2026-06-23T08:04:00,"MNC Sekuritas analyst warns IHSG correction risk and recommends ISAT, NCKL, ASII, and BBRI",https://money.kompas.com/read/2026/06/23/080400026/ihsg-rawan-koreksi-saham-isat-nckl-asii-hingga-bbri-bisa-cuan,"MNC Sekuritas analyst warns IHSG correction risk and recommends ISAT, NCKL, ASII, and BBRI MNC Sekuritas analyst Herditya Wicaksana expects the Jakarta Composite Index (IHSG) to remain vulnerable to correction on Tuesday, forecasting a trading range of 6,035 to 6,226 after a 0.98% decline to 6,117 on Monday. The index closed below its five‑day moving average but stayed above the ten‑ and twenty‑day averages, with MACD histogram still positive and Stochastic RSI turning toward the pivot area. Herditya recommends that retail investors watch the stocks ISAT, NCKL, ASII and BBRI for potential gains amid the expected market volatility. He notes that if IHSG falls below 6,100 it could test the psychological 6,000 level, while staying above 6,100 would keep the market consolidating between 6,050 and 6,220.","Analyst Ratings, Market Sentiment, Bullish",neutral
2026-07-27T14:50:00,Indo Premier Sekuritas forecasts PT Astra International core net profit of Rp13.5 trillion for H1 2026,https://market.bisnis.com/read/20260727/192/1991373/astra-asii-diprediksi-kantongi-laba-inti-rp135-triliun-semester-i2026,"Indo Premier Sekuritas forecasts PT Astra International core net profit of Rp13.5 trillion for H1 2026 Indo Premier Sekuritas projects PT Astra International Tbk.'s core net profit to reach Rp13.5 trillion in the first half of 2026. The forecast rests on a 19% quarter‑on‑quarter rise in wholesale automotive sales to 222,000 units and strong results from its subsidiary PT United Tractors Tbk., which is expected to deliver Rp3.5 trillion core profit for the same period after a Rp2 trillion Q2 profit. Additional contributions are anticipated from PT Astra Otoparts Tbk. and PT Astra Agro Lestari Tbk., with AALI projected to post roughly Rp1.1 trillion core profit in H1 2026. IPOT maintains a buy‑back recommendation, citing the shareholder‑approved Rp8 trillion share repurchase on 17 July 2026 as a positive catalyst for the stock.","Analyst Ratings, Financial Metrics, Stock Buyback, Bullish",positive
2026-05-30T14:58:46,"United Tractors shares fall 3.68% to Rp 22,925 as foreign investors net buy and broker MNC Sekuritas issues buy recommendation",https://investor.id/stock/440916/saham-pbv-di-bawah-1-diserok-harga-diramal-ke-rp-25000an,"United Tractors shares fall 3.68% to Rp 22,925 as foreign investors net buy and broker MNC Sekuritas issues buy recommendation PT United Tractors Tbk (UNTR) slid 3.68% to close at Rp 22,925 on 29 May 2026, with 28.95 million shares traded (value Rp 668.35 billion) and foreign investors recording a net purchase of Rp 85.23 billion in the stock of the Astra International subsidiary. The company’s valuation improved to a price‑to‑book ratio of 0.89× and a price‑earnings multiple of 6.97× (TTM), prompting MNC Sekuritas to recommend a buy trade for UNTR with entry between Rp 22,575‑22,925 and price targets of Rp 24,225 and Rp 25,250. In its 4‑month‑2026 operational update, United Tractors reported a 25% YoY drop in Komatsu sales to 1,413 units (35% of the revised 2026 target), a 5% YoY decline in overburden volume to 321.3 million bcm (36% of target), while coal sales rose 12% to 5.5 million tons (47% of target) and nickel sales fell 1% to 697 k wmt (58% of target).","Analyst Ratings, Financial Metrics, Foreign Investment, Commodities, Bearish",neutral
2026-09-23T05:21:00,"Technical stock recommendations for PT Dian Swastatika Sentosa Tbk (DSSA), PT Astra International Tbk (ASII), and PT Sarana Menara Nusantara Tbk (TOWR) on 23/9/2026",https://investasi.kontan.co.id/news/simak-rekomendasi-teknikal-saham-hari-ini-239-dssa-asii-dan-towr,"Technical stock recommendations for PT Dian Swastatika Sentosa Tbk (DSSA), PT Astra International Tbk (ASII), and PT Sarana Menara Nusantara Tbk (TOWR) on 23/9/2026 On 23/9/2026 the report offers technical recommendations for PT Dian Swastatika Sentosa Tbk (DSSA), PT Astra International Tbk (ASII) and PT Sarana Menara Nusantara Tbk (TOWR) following the IHSG close at 6,277.04, down 1.69%. DSSA closed at Rp 980, down 4.39%, with a Trading Buy recommendation, support at Rp 920 and resistance at Rp 1,115 amid a three‑black‑crows pattern, weakening RSI and rising volume. ASII closed at Rp 4,780, down 0.83%, and is advised to Hold with support at Rp 4,720 and resistance at Rp 4,990 as bearish consolidation and negative RSI signals persist. TOWR closed at Rp 404, down 2.42%, and is suggested as Buy on Weakness with support around Rp 386‑394, resistance at Rp 430 and a potential breakdown support at Rp 380 as RSI approaches oversold.","Analyst Ratings, Bullish",neutral
2026-07-01T14:48:00,Daily stock recommendations and IHSG decline on July 1 2026 highlight losses in major Indonesian caps,https://market.bisnis.com/read/20260701/7/1984564/rekomendasi-saham-dan-pergerakan-ihsg-hari-ini-rabu-1-juli-2026,"Daily stock recommendations and IHSG decline on July 1 2026 highlight losses in major Indonesian caps The article reports that the Indonesian Composite Index (IHSG) closed lower at 5,643.19 on June 30, 2026, a 3.05% (177.59‑point) decline, and provides stock recommendations for the following trading day. The drop was driven by sharp corrections in several big‑cap stocks, with PT Ekamas Mora Republik Tbk falling 7.38% to Rp6,900, PT Bank Central Asia Tbk down 6.33% to Rp5,550, PT Amman Mineral Internasional Tbk down 6.06% to Rp3,100, PT Astra International Tbk down 4.03% to Rp4,520, PT Bank Rakyat Indonesia Tbk down 3.87%, PT Pantai Indah Kapuk Dua Tbk down 3.75%, and PT Dian Swastatika Sentosa Tbk down 3.64%. Overall market activity showed 136 stocks gaining, 564 losing, and 99 remaining unchanged, while total market capitalization fell to Rp9,919.31 trillion. Mirae Asset Sekuritas attributed the sell‑off to a lack of positive catalysts, noting that sectoral indices moved down in unison, especially the raw‑materials sector, whereas regional indices such as Korea’s Kospi and Japan’s Nikkei rose 3% and 1.5% respectively.","Analyst Ratings, Bearish",negative
2026-08-18T07:00:57,"Foreign investors sell net Rp1.58 trillion of Indonesian stocks, top 10 net‑sell losers listed",https://www.cnbcindonesia.com/market/20260817221515-17-760118/asing-lepas-rp158-triliun-saham-ri-ini-daftarnya,"Foreign investors sell net Rp1.58 trillion of Indonesian stocks, top 10 net‑sell losers listed Foreign investors recorded a net sell of Rp1.58 trillion in Indonesian equities from 10‑14 August 2026, with the biggest losers being PT Chandra Asri Pacific Tbk (Rp951.1 billion), PT Bank Mandiri Tbk (Rp766.8 billion), PT Singaraja Putra Tbk (Rp455.7 billion), PT Astra International Tbk (Rp290.4 billion), PT Telkom Indonesia Tbk (Rp238.7 billion), PT Indosat Tbk (Rp118.5 billion), PT United Tractors Tbk (Rp86.4 billion), PT Petrindo Jaya Kreasi Tbk (Rp73.4 billion), PT Perusahaan Gas Negara Tbk (Rp68.4 billion), PT Indo Tambangraya Megah Tbk (Rp66.2 billion), Kalbe Farma (Rp37.8 billion) and Darma Henwa (Rp35.9 billion). The outflows pressured the IHSG, which closed down 0.12 % at 6,401.89, while total market transactions fell 1.07 % to Rp15.21 trillion and trading volume dropped 14.86 % to 34.01 billion shares.","Foreign Investment, Market Sentiment, Bearish",negative
2026-07-31T16:27:00,"Astra International posts 22% YoY profit decline in Q2 2026, analysts keep buy recommendation",https://investasi.kontan.co.id/news/kinerja-astra-asii-di-bawah-ekspektasi-begini-rekomendasi-sahamnya,"Astra International posts 22% YoY profit decline in Q2 2026, analysts keep buy recommendation PT Astra International Tbk reported net profit of Rp 6.7 trillion in Q2 2026, 22.1% lower YoY and only 39.7% of MNC Sekuritas estimate, indicating performance below expectations. The decline was driven by a Rp 2.4 trillion non‑recurring charge from fair‑value adjustments and impairments in its geothermal and nickel divisions, while the mining solutions segment saw revenue fall 15% YoY and mining profit plunge 88% YoY to Rp 607 billion. Despite the weakness, the automotive and financial services segments grew about 6% YoY, with automotive sales gaining a 51% market share, and the group’s cash‑rich position supported a continued buyback program. Analysts from BRI Danareksa and MNC Sekuritas kept a buy rating on PT Astra International Tbk, setting target prices of Rp 6,850 and Rp 7,000 respectively, and highlighted the subsidiary PT United Tractors Tbk as the main weight on earnings but with potential recovery in the second half of 2026.","Financial Metrics, Analyst Ratings, Stock Buyback, Bearish",negative
2026-09-23T15:20:36,PT Astra International Tbk (ASII) announces focus on three core profit-generating segments,https://www.cnbcindonesia.com/market/20260923145354-17-770245/astra--asii--bakal-fokus-ke-3-segmen-penghasil-cuan-utama,"PT Astra International Tbk (ASII) announces focus on three core profit-generating segments PT Astra International Tbk (ASII) said it will concentrate development on three core businesses—automotive, financial services, and mining solutions & heavy equipment. These segments currently contribute 40%, 31% and 18% of revenue respectively, with other businesses accounting for 11%. Astra plans to increase its stake in AUTO through a voluntary tender offer at Rp3,600 per share, a transaction that could cost about Rp858 billion, and it approved a share-buyback program of up to Rp8 trillion for the next 12 months; United Tractors (UT) also announced a share-buyback of up to Rp2 trillion for three months. In the latest period, the automotive unit posted net profit of Rp5.9 trillion (+9% YoY), financial services Rp4.6 trillion (+6% YoY), while mining solutions & heavy equipment recorded Rp2.7 trillion, down 46% YoY.","Business Expansion, Stock Buyback, Capital & Funding, Financial Metrics, Bullish",positive
2026-08-05T16:07:00,Analysts Keep Astra International Bullish Amid Growing Chinese Car Competition,https://www.bloombergtechnoz.com/detail-news/117418/saham-astra-asii-tetap-bullish-di-tengah-gempuran-mobil-china,"Analysts Keep Astra International Bullish Amid Growing Chinese Car Competition The article reports that analysts maintain a bullish outlook on PT Astra International Tbk despite intensified competition from Chinese automobile brands. Bloomberg consensus shows 28 of 33 analysts recommending a buy, with target prices ranging from Rp5,900 to Rp7,500 per share and a consensus target of Rp6,583 for the next 12 months. Astra sustained a 51% share of Indonesia’s four‑wheel wholesale market in the first half of 2026, recording 222,371 units sold—a 10% year‑on‑year increase—while the low‑cost green car segment captured 78% of the national market and 85% in June. Strong demand for hybrid and commercial vehicles, together with a recovering national automotive market, underpins the continued overweight recommendation and its status as a top pick.","Analyst Ratings, Market Sentiment, Business Expansion, Bullish",positive
2026-07-03T10:21:21,IHSG jumps over 2% as major banks and state‑owned firms drive the rally,https://www.cnbcindonesia.com/market/20260703093257-17-747737/ini-penyebab-ihsg-tiba-tiba-lompat-2-lebih,"IHSG jumps over 2% as major banks and state‑owned firms drive the rally The article explains that Indonesia’s composite index (IHSG) surged more than 2% on Friday, reaching 5,881 points after opening at 5,806.17 points. The rally was led by large‑cap banks—Bank Central Asia adding 13.27 points, Bank Mandiri 9 points, Bank Rakyat Indonesia 4.39 points and Bank Negara Indonesia 2.98 points—along with the top‑trading stocks BBCA, BBRI, BMRI, BRPT and TPIA. Conglomerate issuers AMMN, BREN and DCII, as well as Astra International and state‑owned enterprises Aneka Tambang and Telkom Indonesia each contributed roughly 3–6 index points to the gain. The move occurred amid a market‑wide advance in utilities, raw‑material, financial and technology sectors, with total transaction value of about Rp 2.59 trillion and 5.57 billion shares traded in 358 k transactions.",Market Sentiment,positive
2026-08-03T08:46:00,"IHSG Edges Higher, Review Today's Stock Recommendations",https://finance.detik.com/bursa-dan-valas/d-8601639/ihsg-menguat-tipis-cek-rekomendasi-saham-hari-ini,"IHSG Edges Higher, Review Today's Stock Recommendations The Indonesian Composite Index (IHSG) closed at 6,236.13 on 31 July 2026, up 0.80%, driven by gains in BBRI, ASII and AMMN while declines in BBCA, TLKM and ADRO limited the advance. Ten of eleven sectors posted green performance, led by Basic Industry (+2.54%) and with Non‑Cyclical slipping 0.03%, as foreign investors recorded net sells of Rp34.82 billion in the regular market and Rp250.53 billion across all markets. The market also noted the upcoming rebalancing of the IDX30, LQ45 and IDX80 indices effective 3 August to 30 October 2026, which could boost trading in newly added constituents, while ETF EIDO and MSCI Indonesia activity remained modest. Separate corporate updates disclosed that DRMA targets a 10 % sales increase in 2026 after reporting H1 sales of Rp3.16 trillion (+13.82% YoY), SMRA posted H1 marketing sales of Rp1.20 trillion (+37% YoY) and aims for Rp5.20 trillion in 2026, and ELSA announced a buyback program of up to Rp100 billion scheduled from 3 August to 2 November 2026 following a 29.19 % profit rise to Rp434.71 billion.","Stock Buyback, Foreign Investment, Market Sentiment, Bullish",positive
